1;Kabupaten Bandung;Arjasari;Ancolmekar;29,208;03/12/2025 06:54;16/12/2025 12:29
2;Kabupaten Bandung;Arjasari;Arjasari;25,979;03/12/2025 06:54;16/12/2025 12:29
3;Kabupaten Bandung;Arjasari;Baros;25,615;03/12/2025 06:54;16/12/2025 12:30
4;Kabupaten Bandung;Arjasari;Batukarut;22,167;03/12/2025 06:54;16/12/2025 12:30
5;Kabupaten Bandung;Arjasari;Lebakwangi;23,346;03/12/2025 06:54;16/12/2025 12:30
6;Kabupaten Bandung;Arjasari;Mangunjaya;26,782;03/12/2025 06:54;16/12/2025 12:31
7;Kabupaten Bandung;Arjasari;Mekarjaya;27,749;03/12/2025 06:54;16/12/2025 12:31
8;Kabupaten Bandung;Arjasari;Patrolsari;23,481;03/12/2025 06:54;16/12/2025 12:32
9;Kabupaten Bandung;Arjasari;Pinggirsari;28,242;03/12/2025 06:54;16/12/2025 12:33
10;Kabupaten Bandung;Arjasari;Rancakole;26,431;03/12/2025 06:54;16/12/2025 12:33
11;Kabupaten Bandung;Arjasari;Wargaluyu;20,708;03/12/2025 06:54;16/12/2025 12:34
12;Kabupaten Bandung;Baleendah;Andir;15,86;03/12/2025 06:54;13/12/2025 06:53
13;Kabupaten Bandung;Baleendah;Baleendah;15,366;03/12/2025 06:54;13/12/2025 06:55
14;Kabupaten Bandung;Baleendah;Bojongmalaka;18,761;03/12/2025 06:54;13/12/2025 06:45
15;Kabupaten Bandung;Baleendah;Jelekong;19,153;03/12/2025 06:54;13/12/2025 06:59
16;Kabupaten Bandung;Baleendah;Malakasari;17,012;03/12/2025 06:54;13/12/2025 06:48
17;Kabupaten Bandung;Baleendah;Manggahang;17,861;03/12/2025 06:54;13/12/2025 07:03
18;Kabupaten Bandung;Baleendah;Rancamanyar;17,813;03/12/2025 06:54;13/12/2025 06:50
19;Kabupaten Bandung;Baleendah;Wargamekar;19,924;03/12/2025 06:54;13/12/2025 07:14
20;Kabupaten Bandung;Banjaran;Banjaran;22,756;03/12/2025 06:54;13/12/2025 06:45
21;Kabupaten Bandung;Banjaran;Banjaran Wetan;25,819;03/12/2025 06:54;13/12/2025 06:48
22;Kabupaten Bandung;Banjaran;Ciapus;24,607;03/12/2025 06:54;13/12/2025 06:50
23;Kabupaten Bandung;Banjaran;Kamasan;23,329;03/12/2025 06:54;13/12/2025 06:53
24;Kabupaten Bandung;Banjaran;Kiangroke;24,96;03/12/2025 06:54;13/12/2025 06:55
25;Kabupaten Bandung;Banjaran;Margahurip;26,217;03/12/2025 06:54;13/12/2025 06:59
26;Kabupaten Bandung;Banjaran;Mekarjaya;28,772;03/12/2025 06:54;13/12/2025 07:03
27;Kabupaten Bandung;Banjaran;Neglasari;26,268;03/12/2025 06:54;13/12/2025 07:14
28;Kabupaten Bandung;Banjaran;Pasirmulya;32,123;03/12/2025 06:54;13/12/2025 07:15
29;Kabupaten Bandung;Banjaran;Sindangpanon;24,47;03/12/2025 06:54;13/12/2025 07:16
30;Kabupaten Bandung;Banjaran;Tarajusari;25,209;03/12/2025 06:54;13/12/2025 07:17
31;Kabupaten Bandung;Bojongsoang;Bojongsari;16,089;03/12/2025 06:54;13/12/2025 06:45
32;Kabupaten Bandung;Bojongsoang;Bojongsoang;12,569;03/12/2025 06:54;13/12/2025 06:48
33;Kabupaten Bandung;Bojongsoang;Buahbatu;11,602;03/12/2025 06:54;13/12/2025 06:50
34;Kabupaten Bandung;Bojongsoang;Cipagalo;11,326;03/12/2025 06:54;13/12/2025 06:53
35;Kabupaten Bandung;Bojongsoang;Lengkong;11,902;03/12/2025 06:54;13/12/2025 06:55
36;Kabupaten Bandung;Bojongsoang;Tegalluar;11,933;03/12/2025 06:54;13/12/2025 06:59
37;Kabupaten Bandung;Cangkuang;Bandasari;37,56;03/12/2025 06:54;13/12/2025 06:45
38;Kabupaten Bandung;Cangkuang;Cangkuang;34,535;03/12/2025 06:54;13/12/2025 06:48
39;Kabupaten Bandung;Cangkuang;Ciluncat;35,188;03/12/2025 06:54;13/12/2025 06:51
40;Kabupaten Bandung;Cangkuang;Jatisari;40,313;03/12/2025 06:54;13/12/2025 06:53
41;Kabupaten Bandung;Cangkuang;Nagrak;35,592;03/12/2025 06:54;13/12/2025 06:55
42;Kabupaten Bandung;Cangkuang;Pananjung;36,542;03/12/2025 06:54;13/12/2025 06:59
43;Kabupaten Bandung;Cangkuang;Tanjungsari;24,75;03/12/2025 06:54;13/12/2025 07:03
44;Kabupaten Bandung;Cicalengka;Babakan Peuteuy;26,813;03/12/2025 06:54;13/12/2025 07:13
45;Kabupaten Bandung;Cicalengka;Cicalengka Kulon;24,958;03/12/2025 06:54;13/12/2025 06:48
46;Kabupaten Bandung;Cicalengka;Cicalengka Wetan;28,821;03/12/2025 06:54;13/12/2025 06:51
47;Kabupaten Bandung;Cicalengka;Cikuya;24,714;03/12/2025 06:54;13/12/2025 06:53
48;Kabupaten Bandung;Cicalengka;Dampit;28,091;03/12/2025 06:54;13/12/2025 06:56
49;Kabupaten Bandung;Cicalengka;Margaasih;29,865;03/12/2025 06:54;13/12/2025 06:59
50;Kabupaten Bandung;Cicalengka;Nagrog;31,149;03/12/2025 06:54;13/12/2025 07:03
51;Kabupaten Bandung;Cicalengka;Narawita;29,009;03/12/2025 06:54;13/12/2025 07:14
52;Kabupaten Bandung;Cicalengka;Panenjoan;23,427;03/12/2025 06:54;13/12/2025 07:15
53;Kabupaten Bandung;Cicalengka;Tanjungwangi;33,996;03/12/2025 06:54;13/12/2025 07:16
54;Kabupaten Bandung;Cicalengka;Tenjolaya;25,683;03/12/2025 06:54;13/12/2025 07:17
55;Kabupaten Bandung;Cicalengka;Waluya;26,136;03/12/2025 06:54;13/12/2025 07:17
56;Kabupaten Bandung;Cikancung;Cihanyir;32,524;03/12/2025 06:54;13/12/2025 06:45
57;Kabupaten Bandung;Cikancung;Cikancung;28,66;03/12/2025 06:54;13/12/2025 06:48
58;Kabupaten Bandung;Cikancung;Cikasungka;27,928;03/12/2025 06:54;13/12/2025 06:51
59;Kabupaten Bandung;Cikancung;Ciluluk;32,775;03/12/2025 06:54;13/12/2025 06:53
60;Kabupaten Bandung;Cikancung;Hegarmanah;28,239;03/12/2025 06:54;13/12/2025 06:56
61;Kabupaten Bandung;Cikancung;Mandalasari;30,109;03/12/2025 06:54;13/12/2025 07:00
62;Kabupaten Bandung;Cikancung;Mekarlaksana;39,862;03/12/2025 06:54;13/12/2025 07:03
63;Kabupaten Bandung;Cikancung;Srirahayu;37,295;03/12/2025 06:54;13/12/2025 07:15
64;Kabupaten Bandung;Cikancung;Tanjunglaya;27,581;03/12/2025 06:54;13/12/2025 07:15
65;Kabupaten Bandung;Cilengkrang;Cilengkrang;6,272;03/12/2025 06:54;13/12/2025 06:45
66;Kabupaten Bandung;Cilengkrang;Cipanjalu;15,257;03/12/2025 06:54;13/12/2025 06:48
67;Kabupaten Bandung;Cilengkrang;Ciporeat;10,021;03/12/2025 06:54;13/12/2025 06:51
68;Kabupaten Bandung;Cilengkrang;Girimekar;8,479;03/12/2025 06:54;13/12/2025 06:53
69;Kabupaten Bandung;Cilengkrang;Jatiendah;6,138;03/12/2025 06:54;13/12/2025 07:13
70;Kabupaten Bandung;Cilengkrang;Melatiwangi;9,201;03/12/2025 06:54;13/12/2025 07:00
71;Kabupaten Bandung;Cileunyi;Cibiru Hilir;11,39;03/12/2025 06:54;13/12/2025 06:45
72;Kabupaten Bandung;Cileunyi;Cibiru Wetan;10,321;03/12/2025 06:54;13/12/2025 06:48
73;Kabupaten Bandung;Cileunyi;Cileunyi Kulon;12,724;03/12/2025 06:54;13/12/2025 06:51
74;Kabupaten Bandung;Cileunyi;Cileunyi Wetan;15,274;03/12/2025 06:54;13/12/2025 06:53
75;Kabupaten Bandung;Cileunyi;Cimekar;10,543;03/12/2025 06:54;13/12/2025 06:56
76;Kabupaten Bandung;Cileunyi;Cinunuk;11,55;03/12/2025 06:54;13/12/2025 07:00
77;Kabupaten Bandung;Cimaung;Campakamulya;33,168;03/12/2025 06:54;13/12/2025 06:46
78;Kabupaten Bandung;Cimaung;Cikalong;33,001;03/12/2025 06:54;13/12/2025 06:48
79;Kabupaten Bandung;Cimaung;Cimaung;29,083;03/12/2025 06:54;13/12/2025 06:51
80;Kabupaten Bandung;Cimaung;Cipinang;30,453;03/12/2025 06:54;13/12/2025 06:53
81;Kabupaten Bandung;Cimaung;Jagabaya;27,568;03/12/2025 06:54;13/12/2025 06:56
82;Kabupaten Bandung;Cimaung;Malasari;41,108;03/12/2025 06:54;13/12/2025 07:00
83;Kabupaten Bandung;Cimaung;Mekarsari;34,96;03/12/2025 06:54;13/12/2025 07:04
84;Kabupaten Bandung;Cimaung;Pasirhuni;31,228;03/12/2025 06:54;13/12/2025 07:15
85;Kabupaten Bandung;Cimaung;Sukamaju;28,621;03/12/2025 06:54;13/12/2025 07:15
86;Kabupaten Bandung;Cimaung;Warjabakti;36,628;03/12/2025 06:54;13/12/2025 07:16
87;Kabupaten Bandung;Cimenyan;Cibeunying;11,077;03/12/2025 06:54;13/12/2025 07:15
88;Kabupaten Bandung;Cimenyan;Ciburial;15,863;03/12/2025 06:54;13/12/2025 06:46
89;Kabupaten Bandung;Cimenyan;Cikadut;7,218;03/12/2025 06:54;13/12/2025 06:48
90;Kabupaten Bandung;Cimenyan;Cimenyan;7,333;03/12/2025 06:54;13/12/2025 06:51
91;Kabupaten Bandung;Cimenyan;Mandalamekar;7,058;03/12/2025 06:54;13/12/2025 06:53
92;Kabupaten Bandung;Cimenyan;Mekarmanik;11,634;03/12/2025 06:54;13/12/2025 06:56
93;Kabupaten Bandung;Cimenyan;Mekarsaluyu;11,521;03/12/2025 06:54;13/12/2025 07:00
94;Kabupaten Bandung;Cimenyan;Padasuka;6,716;03/12/2025 06:54;13/12/2025 07:15
95;Kabupaten Bandung;Cimenyan;Sindanglaya;5,612;03/12/2025 06:54;13/12/2025 07:04
96;Kabupaten Bandung;Ciparay;Babakan;31,083;03/12/2025 06:54;13/12/2025 06:46
97;Kabupaten Bandung;Ciparay;Bumiwangi;24,736;03/12/2025 06:54;13/12/2025 06:49
98;Kabupaten Bandung;Ciparay;Ciheulang;22,223;03/12/2025 06:54;13/12/2025 06:51
99;Kabupaten Bandung;Ciparay;Cikoneng;25,655;03/12/2025 06:54;13/12/2025 06:53
100;Kabupaten Bandung;Ciparay;Ciparay;20,616;03/12/2025 06:54;13/12/2025 06:56
101;Kabupaten Bandung;Ciparay;Gunungleutik;21,064;03/12/2025 06:54;13/12/2025 07:00
102;Kabupaten Bandung;Ciparay;Manggungharja;22,64;03/12/2025 06:54;13/12/2025 07:14
103;Kabupaten Bandung;Ciparay;Mekarlaksana;26,723;03/12/2025 06:54;13/12/2025 07:15
104;Kabupaten Bandung;Ciparay;Mekarsari;21,079;03/12/2025 06:54;13/12/2025 07:16
105;Kabupaten Bandung;Ciparay;Pakutandang;22,833;03/12/2025 06:54;13/12/2025 07:16
106;Kabupaten Bandung;Ciparay;Sagaracipta;20,616;03/12/2025 06:54;13/12/2025 07:17
107;Kabupaten Bandung;Ciparay;Sarimahi;19,19;03/12/2025 06:54;13/12/2025 07:17
108;Kabupaten Bandung;Ciparay;Serangmekar;24,055;03/12/2025 06:54;13/12/2025 07:17
109;Kabupaten Bandung;Ciwidey;Ciwidey;46,532;03/12/2025 06:54;13/12/2025 06:46
110;Kabupaten Bandung;Ciwidey;Lebakmuncang;49,361;03/12/2025 06:54;13/12/2025 06:49
111;Kabupaten Bandung;Ciwidey;Nengkelan;47,555;03/12/2025 06:54;13/12/2025 06:51
112;Kabupaten Bandung;Ciwidey;Panundaan;47,512;03/12/2025 06:54;13/12/2025 06:53
113;Kabupaten Bandung;Ciwidey;Panyocokan;45,55;03/12/2025 06:54;13/12/2025 06:56
114;Kabupaten Bandung;Ciwidey;Rawabogo;51,126;03/12/2025 06:54;13/12/2025 07:01
115;Kabupaten Bandung;Ciwidey;Sukawening;47,159;03/12/2025 06:54;13/12/2025 07:04
116;Kabupaten Bandung;Dayeuhkolot;Cangkuang Kulon;16,674;03/12/2025 06:54;13/12/2025 06:46
117;Kabupaten Bandung;Dayeuhkolot;Cangkuang Wetan;14,63;03/12/2025 06:54;13/12/2025 06:49
118;Kabupaten Bandung;Dayeuhkolot;Citeureup;14,927;03/12/2025 06:54;13/12/2025 06:51
119;Kabupaten Bandung;Dayeuhkolot;Dayeuhkolot;15,283;03/12/2025 06:54;13/12/2025 06:53
120;Kabupaten Bandung;Dayeuhkolot;Pasawahan;13,235;03/12/2025 06:54;13/12/2025 07:01
121;Kabupaten Bandung;Dayeuhkolot;Sukapura;12,092;03/12/2025 06:54;13/12/2025 06:56
122;Kabupaten Bandung;Ibun;Cibeet;30,484;03/12/2025 06:54;13/12/2025 06:46
123;Kabupaten Bandung;Ibun;Dukuh;40,57;03/12/2025 06:54;13/12/2025 06:43
124;Kabupaten Bandung;Ibun;Ibun;35,025;03/12/2025 06:54;13/12/2025 06:51
125;Kabupaten Bandung;Ibun;Karyalaksana;29,899;03/12/2025 06:54;13/12/2025 06:53
126;Kabupaten Bandung;Ibun;Laksana;38,588;03/12/2025 06:54;13/12/2025 06:56
127;Kabupaten Bandung;Ibun;Lampegan;27,926;03/12/2025 06:54;13/12/2025 07:01
128;Kabupaten Bandung;Ibun;Mekarwangi;36,017;03/12/2025 06:54;13/12/2025 07:04
129;Kabupaten Bandung;Ibun;Neglasari;36,52;03/12/2025 06:54;13/12/2025 07:15
130;Kabupaten Bandung;Ibun;Pangguh;33,727;03/12/2025 06:54;13/12/2025 07:16
131;Kabupaten Bandung;Ibun;Sudi;29,48;03/12/2025 06:54;13/12/2025 07:16
132;Kabupaten Bandung;Ibun;Talun;27,451;03/12/2025 06:54;13/12/2025 07:17
133;Kabupaten Bandung;Ibun;Tanggulun;26,159;03/12/2025 06:54;13/12/2025 07:17
134;Kabupaten Bandung;Katapang;Banyusari;34,998;03/12/2025 06:54;13/12/2025 06:46
135;Kabupaten Bandung;Katapang;Cilampeni;19,919;03/12/2025 06:54;13/12/2025 06:49
136;Kabupaten Bandung;Katapang;Gandasari;32,995;03/12/2025 06:54;13/12/2025 06:51
137;Kabupaten Bandung;Katapang;Katapang;19,052;03/12/2025 06:54;13/12/2025 06:53
138;Kabupaten Bandung;Katapang;Pangauban;19,055;03/12/2025 06:54;13/12/2025 06:57
139;Kabupaten Bandung;Katapang;Sangkanhurip;22,033;03/12/2025 06:54;13/12/2025 07:01
140;Kabupaten Bandung;Katapang;Sukamukti;19,543;03/12/2025 06:54;13/12/2025 07:05
141;Kabupaten Bandung;Kertasari;Cibeureum;44,069;03/12/2025 06:54;13/12/2025 06:46
142;Kabupaten Bandung;Kertasari;Cihawuk;43,902;03/12/2025 06:54;13/12/2025 06:49
143;Kabupaten Bandung;Kertasari;Cikembang;47,966;03/12/2025 06:54;13/12/2025 06:51
144;Kabupaten Bandung;Kertasari;Neglawangi;65,52;03/12/2025 06:54;13/12/2025 06:54
145;Kabupaten Bandung;Kertasari;Resmitingal;36,32;03/12/2025 06:54;13/12/2025 07:13
146;Kabupaten Bandung;Kertasari;Santosa;58,216;03/12/2025 06:54;13/12/2025 07:01
147;Kabupaten Bandung;Kertasari;Sukapura;39,052;03/12/2025 06:54;13/12/2025 07:05
148;Kabupaten Bandung;Kertasari;Tarumajaya;49,308;03/12/2025 06:54;13/12/2025 07:15
149;Kabupaten Bandung;Kutawaringin;Buninagara;35,779;03/12/2025 06:54;13/12/2025 06:46
150;Kabupaten Bandung;Kutawaringin;Cibodas;33,561;03/12/2025 06:54;13/12/2025 06:49
151;Kabupaten Bandung;Kutawaringin;Cilame;38,521;03/12/2025 06:54;13/12/2025 06:51
152;Kabupaten Bandung;Kutawaringin;Gajahmekar;27,575;03/12/2025 06:54;13/12/2025 07:13
153;Kabupaten Bandung;Kutawaringin;Jatisari;32,299;03/12/2025 06:54;13/12/2025 06:57
154;Kabupaten Bandung;Kutawaringin;Jelegong;25,14;03/12/2025 06:54;13/12/2025 07:01
155;Kabupaten Bandung;Kutawaringin;Kopo;28,812;03/12/2025 06:54;13/12/2025 07:05
156;Kabupaten Bandung;Kutawaringin;Kutawaringin;27,248;03/12/2025 06:54;13/12/2025 07:15
157;Kabupaten Bandung;Kutawaringin;Padasuka;32,309;03/12/2025 06:54;13/12/2025 07:16
158;Kabupaten Bandung;Kutawaringin;Pameuntasan;25,808;03/12/2025 06:54;13/12/2025 07:16
159;Kabupaten Bandung;Kutawaringin;Sukamulya;37,678;03/12/2025 06:54;13/12/2025 07:17
160;Kabupaten Bandung;Majalaya;Biru;25,301;03/12/2025 06:54;13/12/2025 06:46
161;Kabupaten Bandung;Majalaya;Bojong;25,874;03/12/2025 06:54;13/12/2025 06:49
162;Kabupaten Bandung;Majalaya;Majakerta;25,973;03/12/2025 06:54;13/12/2025 06:51
163;Kabupaten Bandung;Majalaya;Majalaya;25,371;03/12/2025 06:54;13/12/2025 06:54
164;Kabupaten Bandung;Majalaya;Majasetra;23,699;03/12/2025 06:54;13/12/2025 06:57
165;Kabupaten Bandung;Majalaya;Neglasari;27,952;03/12/2025 06:54;13/12/2025 07:02
166;Kabupaten Bandung;Majalaya;Padamulya;25,841;03/12/2025 06:54;13/12/2025 07:05
167;Kabupaten Bandung;Majalaya;Padaulun;25,305;03/12/2025 06:54;13/12/2025 07:15
168;Kabupaten Bandung;Majalaya;Sukamaju;25,371;03/12/2025 06:54;13/12/2025 07:16
169;Kabupaten Bandung;Majalaya;Sukamukti;26,509;03/12/2025 06:54;13/12/2025 07:16
170;Kabupaten Bandung;Majalaya;Wangisagara;28,73;03/12/2025 06:54;13/12/2025 07:17
171;Kabupaten Bandung;Margaasih;Cigondewah Hilir;16,301;03/12/2025 06:54;13/12/2025 06:46
172;Kabupaten Bandung;Margaasih;Lagadar;22,665;03/12/2025 06:54;13/12/2025 06:49
173;Kabupaten Bandung;Margaasih;Margaasih;16,253;03/12/2025 06:54;13/12/2025 06:51
174;Kabupaten Bandung;Margaasih;Mekar Rahayu;26,82;03/12/2025 06:54;13/12/2025 06:54
175;Kabupaten Bandung;Margaasih;Nanjung;27,386;03/12/2025 06:54;13/12/2025 06:57
176;Kabupaten Bandung;Margaasih;Rahayu;17,163;03/12/2025 06:54;13/12/2025 07:02
177;Kabupaten Bandung;Margahayu;Margahayu Selatan;16,127;03/12/2025 06:54;13/12/2025 06:46
178;Kabupaten Bandung;Margahayu;Margahayu Tengah;14,829;03/12/2025 06:54;13/12/2025 06:49
179;Kabupaten Bandung;Margahayu;Sayati;15,825;03/12/2025 06:54;13/12/2025 06:51
180;Kabupaten Bandung;Margahayu;Sukamenak;15,871;03/12/2025 06:54;13/12/2025 06:54
181;Kabupaten Bandung;Nagreg;Bojong;33,713;03/12/2025 06:54;13/12/2025 06:46
182;Kabupaten Bandung;Nagreg;Ciaro;36,387;03/12/2025 06:54;13/12/2025 06:49
183;Kabupaten Bandung;Nagreg;Ciherang;36,473;03/12/2025 06:54;13/12/2025 06:52
184;Kabupaten Bandung;Nagreg;Citaman;30,856;03/12/2025 06:54;13/12/2025 06:54
185;Kabupaten Bandung;Nagreg;Ganjarsabar;30,167;03/12/2025 06:54;13/12/2025 07:13
186;Kabupaten Bandung;Nagreg;Mandalawangi;33,642;03/12/2025 06:54;13/12/2025 07:02
187;Kabupaten Bandung;Nagreg;Nagreg;29,314;03/12/2025 06:54;13/12/2025 07:14
188;Kabupaten Bandung;Nagreg;Nagreg Kendan;32,343;03/12/2025 06:54;13/12/2025 07:15
189;Kabupaten Bandung;Pacet;Cikawao;35,986;03/12/2025 06:54;13/12/2025 06:47
190;Kabupaten Bandung;Pacet;Cikitu;37,84;03/12/2025 06:54;13/12/2025 06:50
191;Kabupaten Bandung;Pacet;Cinanggela;35,472;03/12/2025 06:54;13/12/2025 06:52
192;Kabupaten Bandung;Pacet;Cipeujeuh;27,377;03/12/2025 06:54;13/12/2025 06:54
193;Kabupaten Bandung;Pacet;Girimulya;37,349;03/12/2025 06:54;13/12/2025 06:57
194;Kabupaten Bandung;Pacet;Mandalahaji;30,404;03/12/2025 06:54;13/12/2025 07:02
195;Kabupaten Bandung;Pacet;Maruyung;29,323;03/12/2025 06:54;13/12/2025 07:14
196;Kabupaten Bandung;Pacet;Mekarjaya;34,423;03/12/2025 06:54;13/12/2025 07:15
197;Kabupaten Bandung;Pacet;Mekarsari;32,35;03/12/2025 06:54;13/12/2025 07:16
198;Kabupaten Bandung;Pacet;Nagrak;34,216;03/12/2025 06:54;13/12/2025 07:16
199;Kabupaten Bandung;Pacet;Pangauban;34,932;03/12/2025 06:54;13/12/2025 07:17
200;Kabupaten Bandung;Pacet;Sukarame;34,921;03/12/2025 06:54;13/12/2025 07:17
201;Kabupaten Bandung;Pacet;Tanjungwangi;28,277;03/12/2025 06:54;13/12/2025 07:17
202;Kabupaten Bandung;Pameungpeuk;Bojongkunci;22,176;03/12/2025 06:54;13/12/2025 06:47
203;Kabupaten Bandung;Pameungpeuk;Bojongmanggu;19,59;03/12/2025 06:54;13/12/2025 06:50
204;Kabupaten Bandung;Pameungpeuk;Langonsari;18,015;03/12/2025 06:54;13/12/2025 06:52
205;Kabupaten Bandung;Pameungpeuk;Rancamulya;20,027;03/12/2025 06:54;13/12/2025 06:54
206;Kabupaten Bandung;Pameungpeuk;Rancatungku;20,926;03/12/2025 06:54;13/12/2025 06:57
207;Kabupaten Bandung;Pameungpeuk;Sukasari;20,234;03/12/2025 06:54;13/12/2025 07:02
208;Kabupaten Bandung;Pangalengan;Banjarsari;54,041;03/12/2025 06:54;13/12/2025 06:47
209;Kabupaten Bandung;Pangalengan;Lamajang;35,471;03/12/2025 06:54;13/12/2025 06:50
210;Kabupaten Bandung;Pangalengan;Margaluyu;57,056;03/12/2025 06:54;13/12/2025 06:52
211;Kabupaten Bandung;Pangalengan;Margamekar;48,245;03/12/2025 06:54;13/12/2025 06:54
212;Kabupaten Bandung;Pangalengan;Margamukti;50,251;03/12/2025 06:54;13/12/2025 06:57
213;Kabupaten Bandung;Pangalengan;Margamulya;41,953;03/12/2025 06:54;13/12/2025 07:02
214;Kabupaten Bandung;Pangalengan;Pangalengan;44,676;03/12/2025 06:54;13/12/2025 07:14
215;Kabupaten Bandung;Pangalengan;Pulosari;50,229;03/12/2025 06:54;13/12/2025 07:15
216;Kabupaten Bandung;Pangalengan;Sukaluyu;58,652;03/12/2025 06:54;13/12/2025 07:16
217;Kabupaten Bandung;Pangalengan;Sukamanah;50,758;03/12/2025 06:54;13/12/2025 07:16
218;Kabupaten Bandung;Pangalengan;Tribaktimulya;39,89;03/12/2025 06:54;13/12/2025 07:17
219;Kabupaten Bandung;Pangalengan;Wanasuka;59,704;03/12/2025 06:54;13/12/2025 07:17
220;Kabupaten Bandung;Pangalengan;Warnasari;52,837;03/12/2025 06:54;13/12/2025 07:18
221;Kabupaten Bandung;Paseh;Cigentur;30,003;03/12/2025 06:54;13/12/2025 06:47
222;Kabupaten Bandung;Paseh;Cijagra;27,199;03/12/2025 06:54;13/12/2025 06:50
223;Kabupaten Bandung;Paseh;Cipaku;29,154;03/12/2025 06:54;13/12/2025 06:52
224;Kabupaten Bandung;Paseh;Cipedes;28,265;03/12/2025 06:54;13/12/2025 06:54
225;Kabupaten Bandung;Paseh;Drawati;32,187;03/12/2025 06:54;13/12/2025 06:58
226;Kabupaten Bandung;Paseh;Karangtunggal;31,61;03/12/2025 06:54;13/12/2025 07:02
227;Kabupaten Bandung;Paseh;Loa;32,648;03/12/2025 06:54;13/12/2025 07:14
228;Kabupaten Bandung;Paseh;Mekarpawitan;29,047;03/12/2025 06:54;13/12/2025 07:15
229;Kabupaten Bandung;Paseh;Sindangsari;30,126;03/12/2025 06:54;13/12/2025 07:16
230;Kabupaten Bandung;Paseh;Sukamanah;26,392;03/12/2025 06:54;13/12/2025 07:16
231;Kabupaten Bandung;Paseh;Sukamantri;26,584;03/12/2025 06:54;13/12/2025 07:17
232;Kabupaten Bandung;Paseh;Tangsimekar;27,178;03/12/2025 06:54;13/12/2025 07:17
233;Kabupaten Bandung;Pasirjambu;Cibodas;45,425;03/12/2025 06:54;13/12/2025 06:47
234;Kabupaten Bandung;Pasirjambu;Cikoneng;40,552;03/12/2025 06:54;13/12/2025 06:50
235;Kabupaten Bandung;Pasirjambu;Cisondari;46,851;03/12/2025 06:54;13/12/2025 06:52
236;Kabupaten Bandung;Pasirjambu;Cukanggenteng;43,178;03/12/2025 06:54;13/12/2025 06:55
237;Kabupaten Bandung;Pasirjambu;Margamulya;49,19;03/12/2025 06:54;13/12/2025 06:58
238;Kabupaten Bandung;Pasirjambu;Mekarmaju;43,583;03/12/2025 06:54;13/12/2025 07:02
239;Kabupaten Bandung;Pasirjambu;Mekarsari;54,283;03/12/2025 06:54;13/12/2025 07:14
240;Kabupaten Bandung;Pasirjambu;Pasirjambu;42,61;03/12/2025 06:54;13/12/2025 07:15
241;Kabupaten Bandung;Pasirjambu;Sugihmukti;65,891;03/12/2025 06:54;13/12/2025 07:16
242;Kabupaten Bandung;Pasirjambu;Tenjolaya;46,761;03/12/2025 06:54;13/12/2025 07:16
243;Kabupaten Bandung;Rancabali;Alamendah;51,647;03/12/2025 06:54;13/12/2025 06:47
244;Kabupaten Bandung;Rancabali;Cipelah;73,623;03/12/2025 06:54;13/12/2025 06:50
245;Kabupaten Bandung;Rancabali;Indragiri;66,726;03/12/2025 06:54;13/12/2025 06:52
246;Kabupaten Bandung;Rancabali;Patengan;59,43;03/12/2025 06:54;13/12/2025 06:55
247;Kabupaten Bandung;Rancabali;Sukaresmi;68,346;03/12/2025 06:54;13/12/2025 06:58
248;Kabupaten Bandung;Rancaekek;Bojongloa;21,632;03/12/2025 06:54;13/12/2025 06:47
249;Kabupaten Bandung;Rancaekek;Bojongsalam;23,91;03/12/2025 06:54;13/12/2025 06:50
250;Kabupaten Bandung;Rancaekek;Cangkuang;23,283;03/12/2025 06:54;13/12/2025 06:52
251;Kabupaten Bandung;Rancaekek;Haurpugur;25,361;03/12/2025 06:54;13/12/2025 06:55
252;Kabupaten Bandung;Rancaekek;Jelegong;17,323;03/12/2025 06:54;13/12/2025 06:58
253;Kabupaten Bandung;Rancaekek;Linggar;20,764;03/12/2025 06:54;13/12/2025 07:02
254;Kabupaten Bandung;Rancaekek;Nanjungmekar;23,039;03/12/2025 06:54;13/12/2025 07:14
255;Kabupaten Bandung;Rancaekek;Rancaekek Kencana;17,74;03/12/2025 06:54;13/12/2025 07:18
256;Kabupaten Bandung;Rancaekek;Rancaekek Kulon;15,011;03/12/2025 06:54;13/12/2025 07:15
257;Kabupaten Bandung;Rancaekek;Rancaekek Wetan;17,545;03/12/2025 06:54;13/12/2025 07:16
258;Kabupaten Bandung;Rancaekek;Sangiang;25;03/12/2025 06:54;13/12/2025 07:16
259;Kabupaten Bandung;Rancaekek;Sukamanah;18,513;03/12/2025 06:54;13/12/2025 07:17
260;Kabupaten Bandung;Rancaekek;Sukamulya;23,669;03/12/2025 06:54;13/12/2025 07:17
261;Kabupaten Bandung;Rancaekek;Tegalsumedang;13,722;03/12/2025 06:54;13/12/2025 07:18
262;Kabupaten Bandung;Solokanjeruk;Bojongemas;17,502;03/12/2025 06:54;13/12/2025 06:47
263;Kabupaten Bandung;Solokanjeruk;Cibodas;24,29;03/12/2025 06:54;13/12/2025 06:50
264;Kabupaten Bandung;Solokanjeruk;Langensari;21,915;03/12/2025 06:54;13/12/2025 06:52
265;Kabupaten Bandung;Solokanjeruk;Padamukti;24,833;03/12/2025 06:54;13/12/2025 06:55
266;Kabupaten Bandung;Solokanjeruk;Panyadap;26,411;03/12/2025 06:54;13/12/2025 06:58
267;Kabupaten Bandung;Solokanjeruk;Rancakasumba;20,309;03/12/2025 06:54;13/12/2025 07:13
268;Kabupaten Bandung;Solokanjeruk;Solokanjeruk;21,054;03/12/2025 06:54;13/12/2025 07:14
269;Kabupaten Bandung;Soreang;Cingcin;32,019;03/12/2025 06:54;13/12/2025 06:47
270;Kabupaten Bandung;Soreang;Karamatmulya;35,15;03/12/2025 06:54;13/12/2025 06:50
271;Kabupaten Bandung;Soreang;Pamekaran;30,833;03/12/2025 06:54;13/12/2025 06:52
272;Kabupaten Bandung;Soreang;Panyirapan;33,152;03/12/2025 06:54;13/12/2025 06:55
273;Kabupaten Bandung;Soreang;Parungserab;29,836;03/12/2025 06:54;13/12/2025 06:58
274;Kabupaten Bandung;Soreang;Sadu;34,225;03/12/2025 06:54;13/12/2025 07:03
275;Kabupaten Bandung;Soreang;Sekarwangi;31,766;03/12/2025 06:54;13/12/2025 07:14
276;Kabupaten Bandung;Soreang;Soreang;32,245;03/12/2025 06:54;13/12/2025 07:15
277;Kabupaten Bandung;Soreang;Sukajadi;38,356;03/12/2025 06:54;13/12/2025 07:16
278;Kabupaten Bandung;Soreang;Sukanagara;36,062;03/12/2025 06:54;13/12/2025 07:17
279;Kabupaten Bandung Barat;Batujajar;Batujajar Barat;24,032;03/12/2025 06:54;13/12/2025 07:18
280;Kabupaten Bandung Barat;Batujajar;Batujajar Timur;21,88;03/12/2025 06:54;13/12/2025 07:19
281;Kabupaten Bandung Barat;Batujajar;Cangkorah;28,68;03/12/2025 06:54;13/12/2025 07:20
282;Kabupaten Bandung Barat;Batujajar;Galanggang;23,053;03/12/2025 06:54;13/12/2025 07:21
283;Kabupaten Bandung Barat;Batujajar;Giriasih;23,685;03/12/2025 06:54;13/12/2025 07:22
284;Kabupaten Bandung Barat;Batujajar;Pangauban;28,878;03/12/2025 06:54;13/12/2025 07:23
285;Kabupaten Bandung Barat;Batujajar;Selacau;24,816;03/12/2025 06:54;13/12/2025 07:24
286;Kabupaten Bandung Barat;Cihampelas;Cihampelas;36,199;03/12/2025 06:54;13/12/2025 07:18
287;Kabupaten Bandung Barat;Cihampelas;Cipatik;32,961;03/12/2025 06:54;13/12/2025 07:19
288;Kabupaten Bandung Barat;Cihampelas;Citapen;35,2;03/12/2025 06:54;13/12/2025 07:20
289;Kabupaten Bandung Barat;Cihampelas;Mekarjaya;40,805;03/12/2025 06:54;13/12/2025 07:21
290;Kabupaten Bandung Barat;Cihampelas;Mekarmukti;38,165;03/12/2025 06:54;13/12/2025 07:22
291;Kabupaten Bandung Barat;Cihampelas;Pataruman;31,44;03/12/2025 06:54;13/12/2025 07:23
292;Kabupaten Bandung Barat;Cihampelas;Singajaya;40,165;03/12/2025 06:54;13/12/2025 07:24
293;Kabupaten Bandung Barat;Cihampelas;Situwangi;34,223;03/12/2025 06:54;13/12/2025 07:25
294;Kabupaten Bandung Barat;Cihampelas;Tanjungjaya;43,831;03/12/2025 06:54;13/12/2025 07:25
295;Kabupaten Bandung Barat;Cihampelas;Tanjungwangi;37,73;03/12/2025 06:54;13/12/2025 07:26
296;Kabupaten Bandung Barat;Cikalong Wetan;Cikalong;44,187;03/12/2025 06:54;13/12/2025 07:18
297;Kabupaten Bandung Barat;Cikalong Wetan;Cipada;43,296;03/12/2025 06:54;13/12/2025 07:19
298;Kabupaten Bandung Barat;Cikalong Wetan;Ciptagumati;44,97;03/12/2025 06:54;13/12/2025 07:20
299;Kabupaten Bandung Barat;Cikalong Wetan;Cisomang Barat;46,984;03/12/2025 06:54;13/12/2025 07:21
300;Kabupaten Bandung Barat;Cikalong Wetan;Ganjarsari;53,261;03/12/2025 06:54;13/12/2025 07:22
301;Kabupaten Bandung Barat;Cikalong Wetan;Kanangasari;53,689;03/12/2025 06:54;13/12/2025 07:23
302;Kabupaten Bandung Barat;Cikalong Wetan;Mandalamukti;43,139;03/12/2025 06:54;13/12/2025 07:24
303;Kabupaten Bandung Barat;Cikalong Wetan;Mandalasari;48,291;03/12/2025 06:54;13/12/2025 07:25
304;Kabupaten Bandung Barat;Cikalong Wetan;Mekarjaya;44,983;03/12/2025 06:54;13/12/2025 07:25
305;Kabupaten Bandung Barat;Cikalong Wetan;Puteran;58,054;03/12/2025 06:54;13/12/2025 07:26
306;Kabupaten Bandung Barat;Cikalong Wetan;Rende;50,317;03/12/2025 06:54;13/12/2025 07:26
307;Kabupaten Bandung Barat;Cikalong Wetan;Tenjolaut;51,601;03/12/2025 06:54;13/12/2025 07:27
308;Kabupaten Bandung Barat;Cikalong Wetan;Wangunjaya;49,249;03/12/2025 06:54;13/12/2025 07:27
309;Kabupaten Bandung Barat;Cililin;Batulayang;45,254;03/12/2025 06:54;13/12/2025 07:18
310;Kabupaten Bandung Barat;Cililin;Bongas;51,045;03/12/2025 06:54;13/12/2025 07:19
311;Kabupaten Bandung Barat;Cililin;Budiharja;44,195;03/12/2025 06:54;13/12/2025 07:20
312;Kabupaten Bandung Barat;Cililin;Cililin;46,521;03/12/2025 06:54;13/12/2025 07:21
313;Kabupaten Bandung Barat;Cililin;Karanganyar;56,222;03/12/2025 06:54;13/12/2025 07:22
314;Kabupaten Bandung Barat;Cililin;Karangtanjung;46,521;03/12/2025 06:54;13/12/2025 07:23
315;Kabupaten Bandung Barat;Cililin;Karyamukti;39,97;03/12/2025 06:54;13/12/2025 07:24
316;Kabupaten Bandung Barat;Cililin;Kidangpananjung;40,859;03/12/2025 06:54;13/12/2025 07:25
317;Kabupaten Bandung Barat;Cililin;Mukapayung;43,98;03/12/2025 06:54;13/12/2025 07:25
318;Kabupaten Bandung Barat;Cililin;Nanggerang;42,627;03/12/2025 06:54;13/12/2025 07:26
319;Kabupaten Bandung Barat;Cililin;Rancapanggung;50,522;03/12/2025 06:54;13/12/2025 07:26
320;Kabupaten Bandung Barat;Cipatat;Cipatat;45,085;03/12/2025 06:54;13/12/2025 07:19
321;Kabupaten Bandung Barat;Cipatat;Ciptaharja;52,291;03/12/2025 06:54;13/12/2025 07:19
322;Kabupaten Bandung Barat;Cipatat;Cirawamekar;40,407;03/12/2025 06:54;13/12/2025 07:20
323;Kabupaten Bandung Barat;Cipatat;Citatah;36,851;03/12/2025 06:54;13/12/2025 07:21
324;Kabupaten Bandung Barat;Cipatat;Gunungmasigit;33,925;03/12/2025 06:54;13/12/2025 07:22
325;Kabupaten Bandung Barat;Cipatat;Kertamukti;46,49;03/12/2025 06:54;13/12/2025 07:23
326;Kabupaten Bandung Barat;Cipatat;Mandalasari;48,291;03/12/2025 06:54;13/12/2025 07:24
327;Kabupaten Bandung Barat;Cipatat;Mandalawangi;47,695;03/12/2025 06:54;13/12/2025 07:25
328;Kabupaten Bandung Barat;Cipatat;Nyalindung;36,198;03/12/2025 06:54;13/12/2025 07:25
329;Kabupaten Bandung Barat;Cipatat;Rajamandala Kulon;44,678;03/12/2025 06:54;13/12/2025 07:26
330;Kabupaten Bandung Barat;Cipatat;Sarimukti;48,538;03/12/2025 06:54;13/12/2025 07:26
331;Kabupaten Bandung Barat;Cipatat;Sumurbandung;39,632;03/12/2025 06:54;13/12/2025 07:27
332;Kabupaten Bandung Barat;Cipeundeuy;Bojongmekar;58,075;03/12/2025 06:54;13/12/2025 07:19
333;Kabupaten Bandung Barat;Cipeundeuy;Ciharashas;53,827;03/12/2025 06:54;13/12/2025 07:19
334;Kabupaten Bandung Barat;Cipeundeuy;Cipeundeuy;55,309;03/12/2025 06:54;13/12/2025 07:20
335;Kabupaten Bandung Barat;Cipeundeuy;Ciroyom;59,154;03/12/2025 06:54;13/12/2025 07:21
336;Kabupaten Bandung Barat;Cipeundeuy;Jatimekar;57,381;03/12/2025 06:54;13/12/2025 07:22
337;Kabupaten Bandung Barat;Cipeundeuy;Margalaksana;57,731;03/12/2025 06:54;13/12/2025 07:23
338;Kabupaten Bandung Barat;Cipeundeuy;Margaluyu;68,17;03/12/2025 06:54;13/12/2025 07:24
339;Kabupaten Bandung Barat;Cipeundeuy;Nanggeleng;53,429;03/12/2025 06:54;13/12/2025 07:25
340;Kabupaten Bandung Barat;Cipeundeuy;Nyenang;57,661;03/12/2025 06:54;13/12/2025 07:25
341;Kabupaten Bandung Barat;Cipeundeuy;Sirnagalih;55,303;03/12/2025 06:54;13/12/2025 07:26
342;Kabupaten Bandung Barat;Cipeundeuy;Sirnaraja;44,01;03/12/2025 06:54;13/12/2025 07:26
343;Kabupaten Bandung Barat;Cipeundeuy;Sukahaji;55,282;03/12/2025 06:54;13/12/2025 07:27
344;Kabupaten Bandung Barat;Cipongkor;Baranangsiang;68,206;03/12/2025 06:54;13/12/2025 07:19
345;Kabupaten Bandung Barat;Cipongkor;Cibenda;66,034;03/12/2025 06:54;13/12/2025 07:19
346;Kabupaten Bandung Barat;Cipongkor;Cicangkang Hilir;52,882;03/12/2025 06:54;13/12/2025 07:20
347;Kabupaten Bandung Barat;Cipongkor;Cijambu;61,571;03/12/2025 06:54;13/12/2025 07:21
348;Kabupaten Bandung Barat;Cipongkor;Cijenuk;58,334;03/12/2025 06:54;13/12/2025 07:22
349;Kabupaten Bandung Barat;Cipongkor;Cintaasih;69,315;03/12/2025 06:54;13/12/2025 07:23
350;Kabupaten Bandung Barat;Cipongkor;Citalem;56,459;03/12/2025 06:54;13/12/2025 07:24
351;Kabupaten Bandung Barat;Cipongkor;Girimukti;59,785;03/12/2025 06:54;13/12/2025 07:25
352;Kabupaten Bandung Barat;Cipongkor;Karangsari;62,931;03/12/2025 06:54;13/12/2025 07:25
353;Kabupaten Bandung Barat;Cipongkor;Mekarsari;59,464;03/12/2025 06:54;13/12/2025 07:26
354;Kabupaten Bandung Barat;Cipongkor;Neglasari;59,085;03/12/2025 06:54;13/12/2025 07:26
355;Kabupaten Bandung Barat;Cipongkor;Sarinagen;61,879;03/12/2025 06:54;13/12/2025 07:27
356;Kabupaten Bandung Barat;Cipongkor;Sirnagalih;64,428;03/12/2025 06:54;13/12/2025 07:27
357;Kabupaten Bandung Barat;Cipongkor;Sukamulya;54,153;03/12/2025 06:54;13/12/2025 07:27
358;Kabupaten Bandung Barat;Cisarua;Cipada;39,849;03/12/2025 06:54;13/12/2025 07:19
359;Kabupaten Bandung Barat;Cisarua;Jambudipa;26,734;03/12/2025 06:54;13/12/2025 07:19
360;Kabupaten Bandung Barat;Cisarua;Kertawangi;25,006;03/12/2025 06:54;13/12/2025 07:20
361;Kabupaten Bandung Barat;Cisarua;Padaasih;25,652;03/12/2025 06:54;13/12/2025 07:21
362;Kabupaten Bandung Barat;Cisarua;Pasirhalang;30,389;03/12/2025 06:54;13/12/2025 07:22
363;Kabupaten Bandung Barat;Cisarua;Pasirlangu;34,802;03/12/2025 06:54;13/12/2025 07:23
364;Kabupaten Bandung Barat;Cisarua;Sadangmekar;35,735;03/12/2025 06:54;13/12/2025 07:24
365;Kabupaten Bandung Barat;Cisarua;Tugumukti;32,659;03/12/2025 06:54;13/12/2025 07:25
366;Kabupaten Bandung Barat;Gununghalu;Bunijaya;73,295;03/12/2025 06:54;13/12/2025 07:19
367;Kabupaten Bandung Barat;Gununghalu;Celak;63,066;03/12/2025 06:54;13/12/2025 07:20
368;Kabupaten Bandung Barat;Gununghalu;Cilangari;82,139;03/12/2025 06:54;13/12/2025 07:20
369;Kabupaten Bandung Barat;Gununghalu;Gununghalu;64,951;03/12/2025 06:54;13/12/2025 07:21
370;Kabupaten Bandung Barat;Gununghalu;Sindangjaya;84,464;03/12/2025 06:54;13/12/2025 07:22
371;Kabupaten Bandung Barat;Gununghalu;Sirnajaya;75,413;03/12/2025 06:54;13/12/2025 07:23
372;Kabupaten Bandung Barat;Gununghalu;Sukasari;64,529;03/12/2025 06:54;13/12/2025 07:24
373;Kabupaten Bandung Barat;Gununghalu;Tamanjaya;62,447;03/12/2025 06:54;13/12/2025 07:25
374;Kabupaten Bandung Barat;Gununghalu;Wargasaluyu;58,304;03/12/2025 06:54;13/12/2025 07:25
375;Kabupaten Bandung Barat;Lembang;Cibodas;22,453;03/12/2025 06:54;13/12/2025 07:19
376;Kabupaten Bandung Barat;Lembang;Cibogo;21,147;03/12/2025 06:54;13/12/2025 07:20
377;Kabupaten Bandung Barat;Lembang;Cikahuripan;25,385;03/12/2025 06:54;13/12/2025 07:20
378;Kabupaten Bandung Barat;Lembang;Cikidang;23,415;03/12/2025 06:54;13/12/2025 07:21
379;Kabupaten Bandung Barat;Lembang;Cikole;24,058;03/12/2025 06:54;13/12/2025 07:22
380;Kabupaten Bandung Barat;Lembang;Gudangkahuripan;19,406;03/12/2025 06:54;13/12/2025 07:23
381;Kabupaten Bandung Barat;Lembang;Jayagiri;24,622;03/12/2025 06:54;13/12/2025 07:24
382;Kabupaten Bandung Barat;Lembang;Kayuambon;19,97;03/12/2025 06:54;13/12/2025 07:25
383;Kabupaten Bandung Barat;Lembang;Langensari;17,74;03/12/2025 06:54;13/12/2025 07:26
384;Kabupaten Bandung Barat;Lembang;Lembang;19,636;03/12/2025 06:54;13/12/2025 07:26
385;Kabupaten Bandung Barat;Lembang;Mekarwangi;16,719;03/12/2025 06:54;13/12/2025 07:26
386;Kabupaten Bandung Barat;Lembang;Pagerwangi;15,978;03/12/2025 06:54;13/12/2025 07:27
387;Kabupaten Bandung Barat;Lembang;Sukajaya;24,182;03/12/2025 06:54;13/12/2025 07:27
388;Kabupaten Bandung Barat;Lembang;Suntenjaya;27,948;03/12/2025 06:54;13/12/2025 07:27
389;Kabupaten Bandung Barat;Lembang;Wangunharja;22,47;03/12/2025 06:54;13/12/2025 07:27
390;Kabupaten Bandung Barat;Lembang;Wangunsari;15,621;03/12/2025 06:54;13/12/2025 07:28
391;Kabupaten Bandung Barat;Ngamprah;Bojongkoneng;31,608;03/12/2025 06:54;13/12/2025 07:19
392;Kabupaten Bandung Barat;Ngamprah;Cilame;29,694;03/12/2025 06:54;13/12/2025 07:20
393;Kabupaten Bandung Barat;Ngamprah;Cimanggu;31,685;03/12/2025 06:54;13/12/2025 07:20
394;Kabupaten Bandung Barat;Ngamprah;Cimareme;26,788;03/12/2025 06:54;13/12/2025 07:21
395;Kabupaten Bandung Barat;Ngamprah;Gadobangkong;28,051;03/12/2025 06:54;13/12/2025 07:22
396;Kabupaten Bandung Barat;Ngamprah;Margajaya;26,234;03/12/2025 06:54;13/12/2025 07:23
397;Kabupaten Bandung Barat;Ngamprah;Mekarsari;27,822;03/12/2025 06:54;13/12/2025 07:24
398;Kabupaten Bandung Barat;Ngamprah;Ngamprah;29,573;03/12/2025 06:54;13/12/2025 07:25
399;Kabupaten Bandung Barat;Ngamprah;Pakuhaji;25,529;03/12/2025 06:54;13/12/2025 07:26
400;Kabupaten Bandung Barat;Ngamprah;Sukatani;28,747;03/12/2025 06:54;13/12/2025 07:26
401;Kabupaten Bandung Barat;Ngamprah;Tanimulya;29,437;03/12/2025 06:54;13/12/2025 07:26
402;Kabupaten Bandung Barat;Padalarang;Cempakamekar;93,286;03/12/2025 06:54;13/12/2025 07:19
403;Kabupaten Bandung Barat;Padalarang;Ciburuy;30,64;03/12/2025 06:54;13/12/2025 07:20
404;Kabupaten Bandung Barat;Padalarang;Cimerang;29,149;03/12/2025 06:54;13/12/2025 07:20
405;Kabupaten Bandung Barat;Padalarang;Cipeundeuy;29,943;03/12/2025 06:54;13/12/2025 07:21
406;Kabupaten Bandung Barat;Padalarang;Jayamekar;31,176;03/12/2025 06:54;13/12/2025 07:22
407;Kabupaten Bandung Barat;Padalarang;Kertajaya;25,782;03/12/2025 06:54;13/12/2025 07:23
408;Kabupaten Bandung Barat;Padalarang;Kertamulya;26,906;03/12/2025 06:54;13/12/2025 07:24
409;Kabupaten Bandung Barat;Padalarang;Laksanamekar;28,228;03/12/2025 06:54;13/12/2025 07:25
410;Kabupaten Bandung Barat;Padalarang;Padalarang;28,87;03/12/2025 06:54;13/12/2025 07:26
411;Kabupaten Bandung Barat;Padalarang;Tagogapu;32,156;03/12/2025 06:54;13/12/2025 07:26
412;Kabupaten Bandung Barat;Parongpong;Cigugur Girang;20,146;03/12/2025 06:54;13/12/2025 07:19
413;Kabupaten Bandung Barat;Parongpong;Cihanjuang;19,723;03/12/2025 06:54;13/12/2025 07:20
414;Kabupaten Bandung Barat;Parongpong;Cihanjuang Rahayu;24,85;03/12/2025 06:54;13/12/2025 07:21
415;Kabupaten Bandung Barat;Parongpong;Cihideung;20,527;03/12/2025 06:54;13/12/2025 07:22
416;Kabupaten Bandung Barat;Parongpong;Ciwaruga;16,03;03/12/2025 06:54;13/12/2025 07:22
417;Kabupaten Bandung Barat;Parongpong;Karyawangi;28,995;03/12/2025 06:54;13/12/2025 07:23
418;Kabupaten Bandung Barat;Parongpong;Sariwangi;18,236;03/12/2025 06:54;13/12/2025 07:24
419;Kabupaten Bandung Barat;Rongga;Bojong;82,337;03/12/2025 06:54;13/12/2025 07:19
420;Kabupaten Bandung Barat;Rongga;Bojongsalam;73,234;03/12/2025 06:54;13/12/2025 07:20
421;Kabupaten Bandung Barat;Rongga;Cibedug;74,012;03/12/2025 06:54;13/12/2025 07:21
422;Kabupaten Bandung Barat;Rongga;Cibitung;72,167;03/12/2025 06:54;13/12/2025 07:22
423;Kabupaten Bandung Barat;Rongga;Cicadas;64,288;03/12/2025 06:54;13/12/2025 07:22
424;Kabupaten Bandung Barat;Rongga;Cinengah;76,448;03/12/2025 06:54;13/12/2025 07:23
425;Kabupaten Bandung Barat;Rongga;Sukamanah;83,789;03/12/2025 06:54;13/12/2025 07:24
426;Kabupaten Bandung Barat;Rongga;Sukaresmi;74,43;03/12/2025 06:54;13/12/2025 07:25
427;Kabupaten Bandung Barat;Saguling;Bojonghaleuang;32,035;03/12/2025 06:54;13/12/2025 07:19
428;Kabupaten Bandung Barat;Saguling;Cikande;35,968;03/12/2025 06:54;13/12/2025 07:20
429;Kabupaten Bandung Barat;Saguling;Cipangeran;39,661;03/12/2025 06:54;13/12/2025 07:21
430;Kabupaten Bandung Barat;Saguling;Girimukti;39,991;03/12/2025 06:54;13/12/2025 07:22
431;Kabupaten Bandung Barat;Saguling;Jati;44,14;03/12/2025 06:54;13/12/2025 07:23
432;Kabupaten Bandung Barat;Saguling;Saguling;46,635;03/12/2025 06:54;13/12/2025 07:23
433;Kabupaten Bandung Barat;Sindangkerta;Buninagara;47,127;03/12/2025 06:54;13/12/2025 07:19
434;Kabupaten Bandung Barat;Sindangkerta;Cicangkang Girang;57,03;03/12/2025 06:54;13/12/2025 07:20
435;Kabupaten Bandung Barat;Sindangkerta;Cikadu;51,363;03/12/2025 06:54;13/12/2025 07:21
436;Kabupaten Bandung Barat;Sindangkerta;Cintakarya;51,673;03/12/2025 06:54;13/12/2025 07:22
437;Kabupaten Bandung Barat;Sindangkerta;Mekarwangi;54,953;03/12/2025 06:54;13/12/2025 07:23
438;Kabupaten Bandung Barat;Sindangkerta;Pasirpogor;52,937;03/12/2025 06:54;13/12/2025 07:23
439;Kabupaten Bandung Barat;Sindangkerta;Puncaksari;53,827;03/12/2025 06:54;13/12/2025 07:24
440;Kabupaten Bandung Barat;Sindangkerta;Ranca Senggang;54,429;03/12/2025 06:54;13/12/2025 07:25
441;Kabupaten Bandung Barat;Sindangkerta;Sindangkerta;52,147;03/12/2025 06:54;13/12/2025 07:26
442;Kabupaten Bandung Barat;Sindangkerta;Wangunsari;56,772;03/12/2025 06:54;13/12/2025 07:26
443;Kabupaten Bandung Barat;Sindangkerta;Weninggalih;60,816;03/12/2025 06:54;13/12/2025 07:26
444;Kabupaten Sumedang;Buahdua;Bojongloa;68,056;03/12/2025 06:54;13/12/2025 07:28
445;Kabupaten Sumedang;Buahdua;Buahdua;71,375;03/12/2025 06:54;13/12/2025 07:29
446;Kabupaten Sumedang;Buahdua;Ciawitali;104,957;03/12/2025 06:54;13/12/2025 07:31
447;Kabupaten Sumedang;Buahdua;Cibitung;65,502;03/12/2025 06:54;13/12/2025 07:32
448;Kabupaten Sumedang;Buahdua;Cikurubuk;55,864;03/12/2025 06:54;13/12/2025 07:33
449;Kabupaten Sumedang;Buahdua;Cilangkap;63,55;03/12/2025 06:54;13/12/2025 07:34
450;Kabupaten Sumedang;Buahdua;Citaleus;74,434;03/12/2025 06:54;13/12/2025 07:36
451;Kabupaten Sumedang;Buahdua;Gendereh;73,928;03/12/2025 06:54;13/12/2025 07:39
452;Kabupaten Sumedang;Buahdua;Hariang;63,116;03/12/2025 06:54;13/12/2025 07:40
453;Kabupaten Sumedang;Buahdua;Karangbungur;68,206;03/12/2025 06:54;13/12/2025 07:42
454;Kabupaten Sumedang;Buahdua;Mekarmukti;64,973;03/12/2025 06:54;13/12/2025 07:43
455;Kabupaten Sumedang;Buahdua;Nagrak;66,866;03/12/2025 06:54;13/12/2025 06:20
456;Kabupaten Sumedang;Buahdua;Panyindangan;70,235;03/12/2025 06:54;13/12/2025 07:12
457;Kabupaten Sumedang;Buahdua;Sekarwangi;61,826;03/12/2025 06:54;13/12/2025 06:21
458;Kabupaten Sumedang;Cibugel;Buana Mekar;59,578;03/12/2025 06:54;13/12/2025 07:28
459;Kabupaten Sumedang;Cibugel;Cibugel;59,054;03/12/2025 06:54;13/12/2025 07:29
460;Kabupaten Sumedang;Cibugel;Cipasang;79,209;03/12/2025 06:54;13/12/2025 07:31
461;Kabupaten Sumedang;Cibugel;Jaya Mandiri;55,431;03/12/2025 06:54;13/12/2025 07:32
462;Kabupaten Sumedang;Cibugel;Jaya Mekar;63,164;03/12/2025 06:54;13/12/2025 07:33
463;Kabupaten Sumedang;Cibugel;Sukaraja;58,553;03/12/2025 06:54;13/12/2025 07:34
464;Kabupaten Sumedang;Cibugel;Tamansari;62,368;03/12/2025 06:54;13/12/2025 07:36
465;Kabupaten Sumedang;Cimalaka;Cibeureum Kulon;56,179;03/12/2025 06:54;13/12/2025 07:28
466;Kabupaten Sumedang;Cimalaka;Cibeureum Wetan;53,631;03/12/2025 06:54;13/12/2025 07:29
467;Kabupaten Sumedang;Cimalaka;Cikole;49,722;03/12/2025 06:54;13/12/2025 07:31
468;Kabupaten Sumedang;Cimalaka;Cimalaka;48,734;03/12/2025 06:54;13/12/2025 07:32
469;Kabupaten Sumedang;Cimalaka;Cimuja;46,694;03/12/2025 06:54;13/12/2025 07:33
470;Kabupaten Sumedang;Cimalaka;Citimun;47,489;03/12/2025 06:54;13/12/2025 07:34
471;Kabupaten Sumedang;Cimalaka;Galudra;49,819;03/12/2025 06:54;13/12/2025 07:36
472;Kabupaten Sumedang;Cimalaka;Licin;48,799;03/12/2025 06:54;13/12/2025 07:39
473;Kabupaten Sumedang;Cimalaka;Mandalaherang;49,889;03/12/2025 06:54;13/12/2025 07:40
474;Kabupaten Sumedang;Cimalaka;Naluk;49,784;03/12/2025 06:54;13/12/2025 07:42
475;Kabupaten Sumedang;Cimalaka;Nyalindung;49,376;03/12/2025 06:54;13/12/2025 07:43
476;Kabupaten Sumedang;Cimalaka;Padasari;52,839;03/12/2025 06:54;13/12/2025 06:20
477;Kabupaten Sumedang;Cimalaka;Serang;47,913;03/12/2025 06:54;13/12/2025 06:21
478;Kabupaten Sumedang;Cimalaka;Trunamanggala;47,025;03/12/2025 06:54;13/12/2025 07:12
479;Kabupaten Sumedang;Cimanggung;Cihanjuang;21,985;03/12/2025 06:54;13/12/2025 07:28
480;Kabupaten Sumedang;Cimanggung;Cikahuripan;25,423;03/12/2025 06:54;13/12/2025 07:29
481;Kabupaten Sumedang;Cimanggung;Cimanggung;24,488;03/12/2025 06:54;13/12/2025 07:31
482;Kabupaten Sumedang;Cimanggung;Mangunarga;20,313;03/12/2025 06:54;13/12/2025 07:32
483;Kabupaten Sumedang;Cimanggung;Pasirnanjung;25,144;03/12/2025 06:54;13/12/2025 07:33
484;Kabupaten Sumedang;Cimanggung;Sawahdadap;20,904;03/12/2025 06:54;13/12/2025 07:34
485;Kabupaten Sumedang;Cimanggung;Sindanggalih;26,623;03/12/2025 06:54;13/12/2025 07:36
486;Kabupaten Sumedang;Cimanggung;Sindangpakuon;22,035;03/12/2025 06:54;13/12/2025 07:39
487;Kabupaten Sumedang;Cimanggung;Sindulang;35,946;03/12/2025 06:54;13/12/2025 07:40
488;Kabupaten Sumedang;Cimanggung;Sukadana;20,485;03/12/2025 06:54;13/12/2025 07:42
489;Kabupaten Sumedang;Cimanggung;Tegalmanggung;27,876;03/12/2025 06:54;13/12/2025 07:43
490;Kabupaten Sumedang;Cisarua;Bantarmara;52,399;03/12/2025 06:54;13/12/2025 07:28
491;Kabupaten Sumedang;Cisarua;Cimara;52,718;03/12/2025 06:54;13/12/2025 07:29
492;Kabupaten Sumedang;Cisarua;Cipandanwangi;53,923;03/12/2025 06:54;13/12/2025 07:31
493;Kabupaten Sumedang;Cisarua;Cisalak;48,868;03/12/2025 06:54;13/12/2025 07:32
494;Kabupaten Sumedang;Cisarua;Cisarua;49,613;03/12/2025 06:54;13/12/2025 07:33
495;Kabupaten Sumedang;Cisarua;Ciuyah;51,516;03/12/2025 06:54;13/12/2025 07:34
496;Kabupaten Sumedang;Cisarua;Kebonkalapa;49,366;03/12/2025 06:54;13/12/2025 07:36
497;Kabupaten Sumedang;Cisitu;Cigintung;63,937;03/12/2025 06:54;13/12/2025 07:28
498;Kabupaten Sumedang;Cisitu;Cilopang;65,802;03/12/2025 06:54;13/12/2025 07:29
499;Kabupaten Sumedang;Cisitu;Cimarga;72,574;03/12/2025 06:54;13/12/2025 07:31
500;Kabupaten Sumedang;Cisitu;Cinangsi;66,324;03/12/2025 06:54;13/12/2025 07:32
501;Kabupaten Sumedang;Cisitu;Cisitu;64,454;03/12/2025 06:54;13/12/2025 07:33
502;Kabupaten Sumedang;Cisitu;Linggajaya;66,984;03/12/2025 06:54;13/12/2025 07:34
503;Kabupaten Sumedang;Cisitu;Pajagan;66,406;03/12/2025 06:54;13/12/2025 07:36
504;Kabupaten Sumedang;Cisitu;Ranjeng;62,687;03/12/2025 06:54;13/12/2025 07:39
505;Kabupaten Sumedang;Cisitu;Situmekar;63,298;03/12/2025 06:54;13/12/2025 07:40
506;Kabupaten Sumedang;Cisitu;Sundamekar;68,207;03/12/2025 06:54;13/12/2025 07:43
507;Kabupaten Sumedang;Conggeang;Babakan Asem;65,349;03/12/2025 06:54;13/12/2025 07:28
508;Kabupaten Sumedang;Conggeang;Cacaban;62,468;03/12/2025 06:54;13/12/2025 07:29
509;Kabupaten Sumedang;Conggeang;Cibeureuyeuh;58,978;03/12/2025 06:54;13/12/2025 07:31
510;Kabupaten Sumedang;Conggeang;Cibubuan;65,457;03/12/2025 06:54;13/12/2025 07:32
511;Kabupaten Sumedang;Conggeang;Cipamekar;57,276;03/12/2025 06:54;13/12/2025 07:33
512;Kabupaten Sumedang;Conggeang;Conggeang Kulon;59,838;03/12/2025 06:54;13/12/2025 07:34
513;Kabupaten Sumedang;Conggeang;Conggeang Wetan;60,297;03/12/2025 06:54;13/12/2025 07:36
514;Kabupaten Sumedang;Conggeang;Jambu;55,813;03/12/2025 06:54;13/12/2025 07:39
515;Kabupaten Sumedang;Conggeang;Karanglayung;64,379;03/12/2025 06:54;13/12/2025 07:40
516;Kabupaten Sumedang;Conggeang;Narimbang;58,461;03/12/2025 06:54;13/12/2025 07:43
517;Kabupaten Sumedang;Conggeang;Padaasih;61,437;03/12/2025 06:54;13/12/2025 07:43
518;Kabupaten Sumedang;Conggeang;Ungkal;70,42;03/12/2025 06:54;13/12/2025 06:20
519;Kabupaten Sumedang;Darmaraja;Cieunteung;71,134;03/12/2025 06:54;13/12/2025 07:28
520;Kabupaten Sumedang;Darmaraja;Cikeusi;68,763;03/12/2025 06:54;13/12/2025 07:29
521;Kabupaten Sumedang;Darmaraja;Cipeuteuy;75,601;03/12/2025 06:54;13/12/2025 07:31
522;Kabupaten Sumedang;Darmaraja;Darmajaya;73,113;03/12/2025 06:54;13/12/2025 07:32
523;Kabupaten Sumedang;Darmaraja;Darmaraja;73,807;03/12/2025 06:54;13/12/2025 07:33
524;Kabupaten Sumedang;Darmaraja;Karang Pakuan;67,942;03/12/2025 06:54;13/12/2025 07:34
525;Kabupaten Sumedang;Darmaraja;Neglasari;73,297;03/12/2025 06:54;13/12/2025 07:36
526;Kabupaten Sumedang;Darmaraja;Paku Alam;67,635;03/12/2025 06:54;13/12/2025 07:39
527;Kabupaten Sumedang;Darmaraja;Ranggon;78,955;03/12/2025 06:54;13/12/2025 07:41
528;Kabupaten Sumedang;Darmaraja;Sukamenak;74,44;03/12/2025 06:54;13/12/2025 07:43
529;Kabupaten Sumedang;Darmaraja;Sukaratu;72,581;03/12/2025 06:54;13/12/2025 07:43
530;Kabupaten Sumedang;Darmaraja;Tarunajaya;69,835;03/12/2025 06:54;13/12/2025 06:20
531;Kabupaten Sumedang;Ganeas;Cikondang;52,889;03/12/2025 06:54;13/12/2025 07:28
532;Kabupaten Sumedang;Ganeas;Cikoneng;49,244;03/12/2025 06:54;13/12/2025 07:30
533;Kabupaten Sumedang;Ganeas;Cikonengkulon;49,116;03/12/2025 06:54;13/12/2025 07:31
534;Kabupaten Sumedang;Ganeas;Dayeuh Luhur;58,67;03/12/2025 06:54;13/12/2025 07:32
535;Kabupaten Sumedang;Ganeas;Ganeas;51,937;03/12/2025 06:54;13/12/2025 07:33
536;Kabupaten Sumedang;Ganeas;Sukaluyu;53,252;03/12/2025 06:54;13/12/2025 07:35
537;Kabupaten Sumedang;Ganeas;Sukawening;53,916;03/12/2025 06:54;13/12/2025 07:36
538;Kabupaten Sumedang;Ganeas;Tanjunghurip;51,788;03/12/2025 06:54;13/12/2025 07:39
539;Kabupaten Sumedang;Jatigede;Cijeungjing;71,684;03/12/2025 06:54;13/12/2025 07:28
540;Kabupaten Sumedang;Jatigede;Cintajaya;96,4;03/12/2025 06:54;13/12/2025 07:30
541;Kabupaten Sumedang;Jatigede;Cipicung;75,071;03/12/2025 06:54;13/12/2025 07:31
542;Kabupaten Sumedang;Jatigede;Ciranggem;83,463;03/12/2025 06:54;13/12/2025 07:32
543;Kabupaten Sumedang;Jatigede;Cisampih;84,523;03/12/2025 06:54;13/12/2025 07:33
544;Kabupaten Sumedang;Jatigede;Jemah;75,824;03/12/2025 06:54;13/12/2025 07:35
545;Kabupaten Sumedang;Jatigede;Kadu;84,277;03/12/2025 06:54;13/12/2025 07:36
546;Kabupaten Sumedang;Jatigede;Kadujaya;70,771;03/12/2025 06:54;13/12/2025 07:39
547;Kabupaten Sumedang;Jatigede;Karedok;70,78;03/12/2025 06:54;13/12/2025 07:41
548;Kabupaten Sumedang;Jatigede;Lebaksiuh;103,842;03/12/2025 06:54;13/12/2025 07:43
549;Kabupaten Sumedang;Jatigede;Mekarasih;90,389;03/12/2025 06:54;13/12/2025 06:20
550;Kabupaten Sumedang;Jatinangor;Cibeusi;14,422;03/12/2025 06:54;13/12/2025 07:28
551;Kabupaten Sumedang;Jatinangor;Cikeruh;16,051;03/12/2025 06:54;13/12/2025 07:30
552;Kabupaten Sumedang;Jatinangor;Cilayung;18,859;03/12/2025 06:54;13/12/2025 07:31
553;Kabupaten Sumedang;Jatinangor;Cileles;17,442;03/12/2025 06:54;13/12/2025 07:32
554;Kabupaten Sumedang;Jatinangor;Cinta Mulya;17,455;03/12/2025 06:54;13/12/2025 07:34
555;Kabupaten Sumedang;Jatinangor;Cipacing;14,247;03/12/2025 06:54;13/12/2025 07:35
556;Kabupaten Sumedang;Jatinangor;Cisempur;19,719;03/12/2025 06:54;13/12/2025 07:36
557;Kabupaten Sumedang;Jatinangor;Hegarmanah;15,498;03/12/2025 06:54;13/12/2025 07:39
558;Kabupaten Sumedang;Jatinangor;Jatimukti;18,527;03/12/2025 06:54;13/12/2025 07:41
559;Kabupaten Sumedang;Jatinangor;Jatiroke;17,597;03/12/2025 06:54;13/12/2025 07:43
560;Kabupaten Sumedang;Jatinangor;Mekargalih;16,151;03/12/2025 06:54;13/12/2025 06:20
561;Kabupaten Sumedang;Jatinangor;Sayang;16,114;03/12/2025 06:54;13/12/2025 06:21
562;Kabupaten Sumedang;Jatinunggal;Banjarsari;90,104;03/12/2025 06:54;13/12/2025 07:28
563;Kabupaten Sumedang;Jatinunggal;Cimanintin;88,473;03/12/2025 06:54;13/12/2025 07:30
564;Kabupaten Sumedang;Jatinunggal;Cipeundeuy;93,905;03/12/2025 06:54;13/12/2025 07:31
565;Kabupaten Sumedang;Jatinunggal;Kirisik;91,344;03/12/2025 06:54;13/12/2025 07:32
566;Kabupaten Sumedang;Jatinunggal;Pawenang;82,84;03/12/2025 06:54;13/12/2025 07:34
567;Kabupaten Sumedang;Jatinunggal;Sarimekar;86,96;03/12/2025 06:54;13/12/2025 07:35
568;Kabupaten Sumedang;Jatinunggal;Sirnasari;85,227;03/12/2025 06:54;13/12/2025 07:36
569;Kabupaten Sumedang;Jatinunggal;Sukamanah;94,86;03/12/2025 06:54;13/12/2025 07:40
570;Kabupaten Sumedang;Jatinunggal;Tarikolot;84,865;03/12/2025 06:54;13/12/2025 07:41
571;Kabupaten Sumedang;Pamulihan;Cigendel;31,771;03/12/2025 06:54;13/12/2025 07:28
572;Kabupaten Sumedang;Pamulihan;Cijeruk;35,826;03/12/2025 06:54;13/12/2025 07:30
573;Kabupaten Sumedang;Pamulihan;Cilembu;34,641;03/12/2025 06:54;13/12/2025 07:31
574;Kabupaten Sumedang;Pamulihan;Cimarias;34,647;03/12/2025 06:54;13/12/2025 07:32
575;Kabupaten Sumedang;Pamulihan;Cinanggerang;37,239;03/12/2025 06:54;13/12/2025 07:34
576;Kabupaten Sumedang;Pamulihan;Ciptasari;25,987;03/12/2025 06:54;13/12/2025 07:35
577;Kabupaten Sumedang;Pamulihan;Citali;29,466;03/12/2025 06:54;13/12/2025 07:36
578;Kabupaten Sumedang;Pamulihan;Haurgombong;30,112;03/12/2025 06:54;13/12/2025 07:40
579;Kabupaten Sumedang;Pamulihan;Mekarbakti;33,016;03/12/2025 06:54;13/12/2025 07:41
580;Kabupaten Sumedang;Pamulihan;Pamulihan;30,567;03/12/2025 06:54;13/12/2025 07:43
581;Kabupaten Sumedang;Pamulihan;Sukawangi;32,468;03/12/2025 06:54;13/12/2025 06:20
582;Kabupaten Sumedang;Paseh;Bongkok;55,394;03/12/2025 06:54;13/12/2025 07:28
583;Kabupaten Sumedang;Paseh;Cijambe;58,842;03/12/2025 06:54;13/12/2025 07:30
584;Kabupaten Sumedang;Paseh;Citepok;61,478;03/12/2025 06:54;13/12/2025 07:31
585;Kabupaten Sumedang;Paseh;Haurkuning;59,717;03/12/2025 06:54;13/12/2025 07:32
586;Kabupaten Sumedang;Paseh;Legok Kaler;50,311;03/12/2025 06:54;13/12/2025 07:34
587;Kabupaten Sumedang;Paseh;Legok Kidul;58,879;03/12/2025 06:54;13/12/2025 07:35
588;Kabupaten Sumedang;Paseh;Padanaan;58,503;03/12/2025 06:54;13/12/2025 07:37
589;Kabupaten Sumedang;Paseh;Paseh Kaler;57,835;03/12/2025 06:54;13/12/2025 07:41
590;Kabupaten Sumedang;Paseh;Paseh Kidul;57,322;03/12/2025 06:54;13/12/2025 07:43
591;Kabupaten Sumedang;Paseh;Pasireungit;61,568;03/12/2025 06:54;13/12/2025 07:40
592;Kabupaten Sumedang;Rancakalong;Cibunar;42,663;03/12/2025 06:54;13/12/2025 07:28
593;Kabupaten Sumedang;Rancakalong;Cibungur;55,692;03/12/2025 06:54;13/12/2025 07:30
594;Kabupaten Sumedang;Rancakalong;Nagarawangi;43,203;03/12/2025 06:54;13/12/2025 07:31
595;Kabupaten Sumedang;Rancakalong;Pamekaran;40,945;03/12/2025 06:54;13/12/2025 07:32
596;Kabupaten Sumedang;Rancakalong;Pangadegan;56,789;03/12/2025 06:54;13/12/2025 07:34
597;Kabupaten Sumedang;Rancakalong;Pasir Biru;36,761;03/12/2025 06:54;13/12/2025 07:35
598;Kabupaten Sumedang;Rancakalong;Rancakalong;52,328;03/12/2025 06:54;13/12/2025 07:37
599;Kabupaten Sumedang;Rancakalong;Sukahayu;51,75;03/12/2025 06:54;13/12/2025 07:40
600;Kabupaten Sumedang;Rancakalong;Sukamaju;51,812;03/12/2025 06:54;13/12/2025 07:41
601;Kabupaten Sumedang;Rancakalong;Sukasirnarasa;36,307;03/12/2025 06:54;13/12/2025 07:43
602;Kabupaten Sumedang;Situraja;Ambit;56,729;03/12/2025 06:54;13/12/2025 07:28
603;Kabupaten Sumedang;Situraja;Bangbayang;58,915;03/12/2025 06:54;13/12/2025 07:30
604;Kabupaten Sumedang;Situraja;Cicarimanah;66,587;03/12/2025 06:54;13/12/2025 07:31
605;Kabupaten Sumedang;Situraja;Cijati;61,801;03/12/2025 06:54;13/12/2025 07:32
606;Kabupaten Sumedang;Situraja;Cijeler;60,458;03/12/2025 06:54;13/12/2025 07:34
607;Kabupaten Sumedang;Situraja;Cikadu;62,08;03/12/2025 06:54;13/12/2025 07:35
608;Kabupaten Sumedang;Situraja;Jatimekar;60,707;03/12/2025 06:54;13/12/2025 07:37
609;Kabupaten Sumedang;Situraja;Kaduwulung;63,911;03/12/2025 06:54;13/12/2025 07:40
610;Kabupaten Sumedang;Situraja;Karangheuleut;62,892;03/12/2025 06:54;13/12/2025 07:41
611;Kabupaten Sumedang;Situraja;Malaka;60,668;03/12/2025 06:54;13/12/2025 07:43
612;Kabupaten Sumedang;Situraja;Mekarmulya;60,556;03/12/2025 06:54;13/12/2025 06:20
613;Kabupaten Sumedang;Situraja;Pamulihan;63,337;03/12/2025 06:54;13/12/2025 06:21
614;Kabupaten Sumedang;Situraja;Situraja;59,528;03/12/2025 06:54;13/12/2025 06:21
615;Kabupaten Sumedang;Situraja;Situraja Utara;60,923;03/12/2025 06:54;13/12/2025 06:21
616;Kabupaten Sumedang;Situraja;Sukatali;55,372;03/12/2025 06:54;13/12/2025 06:22
617;Kabupaten Sumedang;Sukasari;Banyuresmi;26,043;03/12/2025 06:54;13/12/2025 07:28
618;Kabupaten Sumedang;Sukasari;Genteng;32,626;03/12/2025 06:54;13/12/2025 07:30
619;Kabupaten Sumedang;Sukasari;Mekarsari;21,472;03/12/2025 06:54;13/12/2025 07:31
620;Kabupaten Sumedang;Sukasari;Nanggerang;29,373;03/12/2025 06:54;13/12/2025 07:33
621;Kabupaten Sumedang;Sukasari;Sindangsari;22,082;03/12/2025 06:54;13/12/2025 07:34
622;Kabupaten Sumedang;Sukasari;Sukarapih;21,771;03/12/2025 06:54;13/12/2025 07:35
623;Kabupaten Sumedang;Sukasari;Sukasari;24,55;03/12/2025 06:54;13/12/2025 07:37
624;Kabupaten Sumedang;Sumedang Selatan;Baginda;50,687;03/12/2025 06:54;13/12/2025 07:28
625;Kabupaten Sumedang;Sumedang Selatan;Ciherang;37,475;03/12/2025 06:54;13/12/2025 07:30
626;Kabupaten Sumedang;Sumedang Selatan;Cipameungpeuk;47,791;03/12/2025 06:54;13/12/2025 06:20
627;Kabupaten Sumedang;Sumedang Selatan;Cipancar;53,745;03/12/2025 06:54;13/12/2025 07:31
628;Kabupaten Sumedang;Sumedang Selatan;Citengah;55,843;03/12/2025 06:54;13/12/2025 07:33
629;Kabupaten Sumedang;Sumedang Selatan;Gunasari;51,545;03/12/2025 06:54;13/12/2025 07:34
630;Kabupaten Sumedang;Sumedang Selatan;Kotakulon;44,954;03/12/2025 06:54;13/12/2025 06:21
631;Kabupaten Sumedang;Sumedang Selatan;Margalaksana;52,746;03/12/2025 06:54;13/12/2025 07:35
632;Kabupaten Sumedang;Sumedang Selatan;Margamekar;52,638;03/12/2025 06:54;13/12/2025 07:37
633;Kabupaten Sumedang;Sumedang Selatan;Mekar Rahayu;36,678;03/12/2025 06:54;13/12/2025 07:40
634;Kabupaten Sumedang;Sumedang Selatan;Pasanggrahan;46,207;03/12/2025 06:54;13/12/2025 06:21
635;Kabupaten Sumedang;Sumedang Selatan;Regol Wetan;46,23;03/12/2025 06:54;13/12/2025 06:22
636;Kabupaten Sumedang;Sumedang Selatan;Sukagalih;48,523;03/12/2025 06:54;13/12/2025 07:41
637;Kabupaten Sumedang;Sumedang Selatan;Sukajaya;51,936;03/12/2025 06:54;13/12/2025 07:43
638;Kabupaten Sumedang;Sumedang Utara;Girimukti;47,987;03/12/2025 06:54;13/12/2025 07:29
639;Kabupaten Sumedang;Sumedang Utara;Jatihurip;49,563;03/12/2025 06:54;13/12/2025 07:30
640;Kabupaten Sumedang;Sumedang Utara;Jatimulya;44,998;03/12/2025 06:54;13/12/2025 07:31
641;Kabupaten Sumedang;Sumedang Utara;Kebonjati;46,712;03/12/2025 06:54;13/12/2025 07:33
642;Kabupaten Sumedang;Sumedang Utara;Kotakaler;46,252;03/12/2025 06:54;13/12/2025 06:20
643;Kabupaten Sumedang;Sumedang Utara;Margamukti;46,564;03/12/2025 06:54;13/12/2025 07:34
644;Kabupaten Sumedang;Sumedang Utara;Mekarjaya;45,908;03/12/2025 06:54;13/12/2025 07:35
645;Kabupaten Sumedang;Sumedang Utara;Mulyasari;48,166;03/12/2025 06:54;13/12/2025 07:38
646;Kabupaten Sumedang;Sumedang Utara;Padasuka;46,014;03/12/2025 06:54;13/12/2025 07:40
647;Kabupaten Sumedang;Sumedang Utara;Rancamulya;47,051;03/12/2025 06:54;13/12/2025 07:41
648;Kabupaten Sumedang;Sumedang Utara;Sirnamulya;51,159;03/12/2025 06:54;13/12/2025 07:43
649;Kabupaten Sumedang;Sumedang Utara;Situ;44,679;03/12/2025 06:54;13/12/2025 06:21
650;Kabupaten Sumedang;Sumedang Utara;Talun;46,056;03/12/2025 06:54;13/12/2025 06:21
651;Kabupaten Sumedang;Surian;Nanjungwangi;108,843;03/12/2025 06:54;13/12/2025 07:29
652;Kabupaten Sumedang;Surian;Pamekarsari;70,284;03/12/2025 06:54;13/12/2025 07:30
653;Kabupaten Sumedang;Surian;Ranggasari;68,482;03/12/2025 06:54;13/12/2025 07:32
654;Kabupaten Sumedang;Surian;Suriamedal;77,472;03/12/2025 06:54;13/12/2025 07:33
655;Kabupaten Sumedang;Surian;Suriamukti;68,512;03/12/2025 06:54;13/12/2025 07:34
656;Kabupaten Sumedang;Surian;Surian;74,916;03/12/2025 06:54;13/12/2025 07:35
657;Kabupaten Sumedang;Surian;Tanjung;111,338;03/12/2025 06:54;13/12/2025 07:38
658;Kabupaten Sumedang;Surian;Wanajaya;67,101;03/12/2025 06:54;13/12/2025 07:40
659;Kabupaten Sumedang;Surian;Wanasari;68,022;03/12/2025 06:54;13/12/2025 07:41
660;Kabupaten Sumedang;Tanjungkerta;Awilega;59,451;03/12/2025 06:54;13/12/2025 07:29
661;Kabupaten Sumedang;Tanjungkerta;Banyuasih;54,09;03/12/2025 06:54;13/12/2025 07:30
662;Kabupaten Sumedang;Tanjungkerta;Boros;55,399;03/12/2025 06:54;13/12/2025 07:32
663;Kabupaten Sumedang;Tanjungkerta;Cigentur;50,507;03/12/2025 06:54;13/12/2025 07:33
664;Kabupaten Sumedang;Tanjungkerta;Cipanas;48,523;03/12/2025 06:54;13/12/2025 07:34
665;Kabupaten Sumedang;Tanjungkerta;Gunturmekar;49,128;03/12/2025 06:54;13/12/2025 07:35
666;Kabupaten Sumedang;Tanjungkerta;Kertaharja;58,376;03/12/2025 06:54;13/12/2025 07:38
667;Kabupaten Sumedang;Tanjungkerta;Kertamekar;57,174;03/12/2025 06:54;13/12/2025 07:40
668;Kabupaten Sumedang;Tanjungkerta;Mulyamekar;56,843;03/12/2025 06:54;13/12/2025 07:42
669;Kabupaten Sumedang;Tanjungkerta;Sukamantri;56,581;03/12/2025 06:54;13/12/2025 07:43
670;Kabupaten Sumedang;Tanjungkerta;Tanjungmekar;51,357;03/12/2025 06:54;13/12/2025 06:20
671;Kabupaten Sumedang;Tanjungkerta;Tanjungmulya;59,6;03/12/2025 06:54;13/12/2025 06:21
672;Kabupaten Sumedang;Tanjungmedar;Cikaramas;61,094;03/12/2025 06:54;13/12/2025 07:29
673;Kabupaten Sumedang;Tanjungmedar;Jingkang;64,635;03/12/2025 06:54;13/12/2025 07:30
674;Kabupaten Sumedang;Tanjungmedar;Kamal;62,593;03/12/2025 06:54;13/12/2025 07:32
675;Kabupaten Sumedang;Tanjungmedar;Kertamukti;61,056;03/12/2025 06:54;13/12/2025 07:33
676;Kabupaten Sumedang;Tanjungmedar;Sukamukti;58,665;03/12/2025 06:54;13/12/2025 07:34
677;Kabupaten Sumedang;Tanjungmedar;Sukatani;59,127;03/12/2025 06:54;13/12/2025 07:35
678;Kabupaten Sumedang;Tanjungmedar;Tanjungmedar;66,248;03/12/2025 06:54;13/12/2025 07:42
679;Kabupaten Sumedang;Tanjungmedar;Tanjungwangi;59,618;03/12/2025 06:54;13/12/2025 07:38
680;Kabupaten Sumedang;Tanjungmedar;Wargaluyu;59,645;03/12/2025 06:54;13/12/2025 07:40
681;Kabupaten Sumedang;Tanjungsari;Cijambu;32,473;03/12/2025 06:54;13/12/2025 07:29
682;Kabupaten Sumedang;Tanjungsari;Cinanjung;19,92;03/12/2025 06:54;13/12/2025 07:30
683;Kabupaten Sumedang;Tanjungsari;Gudang;21,951;03/12/2025 06:54;13/12/2025 07:32
684;Kabupaten Sumedang;Tanjungsari;Gunungmanik;30,53;03/12/2025 06:54;13/12/2025 07:33
685;Kabupaten Sumedang;Tanjungsari;Jatisari;19,886;03/12/2025 06:54;13/12/2025 07:34
686;Kabupaten Sumedang;Tanjungsari;Kadakajaya;30,437;03/12/2025 06:54;13/12/2025 07:35
687;Kabupaten Sumedang;Tanjungsari;Kutamandiri;19,947;03/12/2025 06:54;13/12/2025 07:38
688;Kabupaten Sumedang;Tanjungsari;Marga Jaya;22,366;03/12/2025 06:54;13/12/2025 07:40
689;Kabupaten Sumedang;Tanjungsari;Margaluyu;30,649;03/12/2025 06:54;13/12/2025 07:42
690;Kabupaten Sumedang;Tanjungsari;Pasigaran;25,028;03/12/2025 06:54;13/12/2025 07:43
691;Kabupaten Sumedang;Tanjungsari;Raharja;24,402;03/12/2025 06:54;13/12/2025 07:12
692;Kabupaten Sumedang;Tanjungsari;Tanjungsari;20,797;03/12/2025 06:54;13/12/2025 06:21
693;Kabupaten Sumedang;Tomo;Bugel;68,486;03/12/2025 06:54;13/12/2025 07:29
694;Kabupaten Sumedang;Tomo;Cicarimanah;66,587;03/12/2025 06:54;13/12/2025 07:30
695;Kabupaten Sumedang;Tomo;Cipeles;68,363;03/12/2025 06:54;13/12/2025 07:32
696;Kabupaten Sumedang;Tomo;Darmawangi;98,202;03/12/2025 06:54;13/12/2025 07:33
697;Kabupaten Sumedang;Tomo;Jembarwangi;93,243;03/12/2025 06:54;13/12/2025 07:34
698;Kabupaten Sumedang;Tomo;Karyamukti;94,361;03/12/2025 06:54;13/12/2025 07:35
699;Kabupaten Sumedang;Tomo;Marongge;88,957;03/12/2025 06:54;13/12/2025 07:38
700;Kabupaten Sumedang;Tomo;Tolengas;95,835;03/12/2025 06:54;13/12/2025 07:40
701;Kabupaten Sumedang;Tomo;Tomo;81,136;03/12/2025 06:54;13/12/2025 07:42
702;Kabupaten Sumedang;Ujung Jaya;Cibuluh;80,301;03/12/2025 06:54;13/12/2025 07:29
703;Kabupaten Sumedang;Ujung Jaya;Cipelang;75,371;03/12/2025 06:54;13/12/2025 07:30
704;Kabupaten Sumedang;Ujung Jaya;Kebon Cau;76,258;03/12/2025 06:54;13/12/2025 07:32
705;Kabupaten Sumedang;Ujung Jaya;Kudangwangi;79,811;03/12/2025 06:54;13/12/2025 07:33
706;Kabupaten Sumedang;Ujung Jaya;Palabuan;79,679;03/12/2025 06:54;13/12/2025 07:34
707;Kabupaten Sumedang;Ujung Jaya;Palasari;74,807;03/12/2025 06:54;13/12/2025 07:36
708;Kabupaten Sumedang;Ujung Jaya;Sakurjaya;72,564;03/12/2025 06:54;13/12/2025 07:39
709;Kabupaten Sumedang;Ujung Jaya;Sukamulya;78,591;03/12/2025 06:54;13/12/2025 07:40
710;Kabupaten Sumedang;Ujung Jaya;Ujungjaya;73,819;03/12/2025 06:54;13/12/2025 07:42
711;Kabupaten Sumedang;Wado;Cikareo Selatan;78,905;03/12/2025 06:54;13/12/2025 07:29
712;Kabupaten Sumedang;Wado;Cikareo Utara;79,441;03/12/2025 06:54;13/12/2025 07:30
713;Kabupaten Sumedang;Wado;Cilengkrang;86,357;03/12/2025 06:54;13/12/2025 07:32
714;Kabupaten Sumedang;Wado;Cimungkal;95,699;03/12/2025 06:54;13/12/2025 07:33
715;Kabupaten Sumedang;Wado;Cisurat;75,61;03/12/2025 06:54;13/12/2025 07:34
716;Kabupaten Sumedang;Wado;Ganjaresik;92,952;03/12/2025 06:54;13/12/2025 07:36
717;Kabupaten Sumedang;Wado;Mulyajaya;81,487;03/12/2025 06:54;13/12/2025 07:38
718;Kabupaten Sumedang;Wado;Sukajadi;80,668;03/12/2025 06:54;13/12/2025 07:40
719;Kabupaten Sumedang;Wado;Sukapura;76,351;03/12/2025 06:54;13/12/2025 07:42
720;Kabupaten Sumedang;Wado;Wado;80,864;03/12/2025 06:54;13/12/2025 07:43
721;Kota Bandung;ANDIR;Campaka;14,817;03/12/2025 06:54;13/12/2025 06:22
722;Kota Bandung;ANDIR;Ciroyom;12,9;03/12/2025 06:54;13/12/2025 07:37
723;Kota Bandung;ANDIR;Dunguscariang;12,517;03/12/2025 06:54;13/12/2025 06:39
724;Kota Bandung;ANDIR;Garuda;12,074;03/12/2025 06:54;13/12/2025 06:42
725;Kota Bandung;ANDIR;Kebonjeruk;9,296;03/12/2025 06:54;13/12/2025 06:43
726;Kota Bandung;ANDIR;Maleber;14,575;03/12/2025 06:54;13/12/2025 06:44
727;Kota Bandung;ANTAPANI;Antapani Kidul;2,824;03/12/2025 06:54;13/12/2025 06:40
728;Kota Bandung;ANTAPANI;Antapani Kulon;2,536;03/12/2025 06:54;13/12/2025 07:37
729;Kota Bandung;ANTAPANI;Antapani Tengah;2,129;03/12/2025 06:54;13/12/2025 06:39
730;Kota Bandung;ANTAPANI;Antapani Wetan;1,931;03/12/2025 06:54;13/12/2025 06:42
731;Kota Bandung;ARCAMANIK;Cisaranten Bina Harapan;4,538;03/12/2025 06:54;13/12/2025 06:22
732;Kota Bandung;ARCAMANIK;Cisaranten Endah;2,528;03/12/2025 06:54;13/12/2025 07:37
733;Kota Bandung;ARCAMANIK;Cisaranten Kulon;3,167;03/12/2025 06:54;13/12/2025 06:39
734;Kota Bandung;ARCAMANIK;Sukamiskin;0;03/12/2025 06:54;13/12/2025 06:42
735;Kota Bandung;ASTANA ANYAR;Cibadak;9,365;03/12/2025 06:54;13/12/2025 06:40
736;Kota Bandung;ASTANA ANYAR;Karanganyar;8,755;03/12/2025 06:54;13/12/2025 07:37
737;Kota Bandung;ASTANA ANYAR;Karasak;10,941;03/12/2025 06:54;13/12/2025 06:39
738;Kota Bandung;ASTANA ANYAR;Nyengseret;9,667;03/12/2025 06:54;13/12/2025 06:42
739;Kota Bandung;ASTANA ANYAR;Panjunan;9,958;03/12/2025 06:54;13/12/2025 07:39
740;Kota Bandung;ASTANA ANYAR;Pelindunghewan;10,788;03/12/2025 06:54;13/12/2025 07:13
741;Kota Bandung;BABAKAN CIPARAY;Babakan;15,312;03/12/2025 06:54;13/12/2025 06:40
742;Kota Bandung;BABAKAN CIPARAY;Babakanciparay;13,286;03/12/2025 06:54;13/12/2025 07:38
743;Kota Bandung;BABAKAN CIPARAY;Cirangrang;13,847;03/12/2025 06:54;13/12/2025 06:39
744;Kota Bandung;BABAKAN CIPARAY;Margahayu Utara;15,297;03/12/2025 06:54;13/12/2025 06:42
745;Kota Bandung;BABAKAN CIPARAY;Margasuka;15,373;03/12/2025 06:54;13/12/2025 06:43
746;Kota Bandung;BABAKAN CIPARAY;Sukahaji;11,643;03/12/2025 06:54;13/12/2025 06:44
747;Kota Bandung;BANDUNG KIDUL;Batununggal;8,894;03/12/2025 06:54;13/12/2025 06:40
748;Kota Bandung;BANDUNG KIDUL;Kujangsari;9,289;03/12/2025 06:54;13/12/2025 07:37
749;Kota Bandung;BANDUNG KIDUL;Mengger;10,45;03/12/2025 06:54;13/12/2025 06:39
750;Kota Bandung;BANDUNG KIDUL;Wates;11,154;03/12/2025 06:54;13/12/2025 06:42
751;Kota Bandung;BANDUNG KULON;Caringin;13,62;03/12/2025 06:54;13/12/2025 06:41
752;Kota Bandung;BANDUNG KULON;Cibuntu;12,616;03/12/2025 06:54;13/12/2025 07:37
753;Kota Bandung;BANDUNG KULON;Cigondewah Kaler;15,959;03/12/2025 06:54;13/12/2025 06:39
754;Kota Bandung;BANDUNG KULON;Cigondewah Kidul;17,214;03/12/2025 06:54;13/12/2025 06:42
755;Kota Bandung;BANDUNG KULON;Cigondewah Rahayu;16,271;03/12/2025 06:54;13/12/2025 06:43
756;Kota Bandung;BANDUNG KULON;Cijerah;13,185;03/12/2025 06:54;13/12/2025 06:44
757;Kota Bandung;BANDUNG KULON;Gempolsari;16,45;03/12/2025 06:54;13/12/2025 06:45
758;Kota Bandung;BANDUNG KULON;Warungmuncang;11,273;03/12/2025 06:54;13/12/2025 06:45
759;Kota Bandung;BANDUNG WETAN;Cihapit;6,043;03/12/2025 06:54;13/12/2025 06:41
760;Kota Bandung;BANDUNG WETAN;Citarum;7,269;03/12/2025 06:54;13/12/2025 07:37
761;Kota Bandung;BANDUNG WETAN;Tamansari;8,776;03/12/2025 06:54;13/12/2025 06:39
762;Kota Bandung;BATUNUNGGAL;Binong;6,535;03/12/2025 06:54;13/12/2025 06:41
763;Kota Bandung;BATUNUNGGAL;Cibangkong;6,679;03/12/2025 06:54;13/12/2025 07:37
764;Kota Bandung;BATUNUNGGAL;Gumuruh;8,579;03/12/2025 06:54;13/12/2025 06:39
765;Kota Bandung;BATUNUNGGAL;Kacapiring;5,121;03/12/2025 06:54;13/12/2025 06:42
766;Kota Bandung;BATUNUNGGAL;Kebongedang;7,745;03/12/2025 06:54;13/12/2025 06:43
767;Kota Bandung;BATUNUNGGAL;Kebonwaru;4,343;03/12/2025 06:54;13/12/2025 06:44
768;Kota Bandung;BATUNUNGGAL;Maleer;7,559;03/12/2025 06:54;13/12/2025 06:45
769;Kota Bandung;BATUNUNGGAL;Samoja;6,345;03/12/2025 06:54;13/12/2025 06:45
770;Kota Bandung;BOJONGLOA KALER;Babakan Asih;11,508;03/12/2025 06:54;13/12/2025 06:41
771;Kota Bandung;BOJONGLOA KALER;Babakan Tarogong;10,232;03/12/2025 06:54;13/12/2025 07:37
772;Kota Bandung;BOJONGLOA KALER;Jamika;10,112;03/12/2025 06:54;13/12/2025 06:39
773;Kota Bandung;BOJONGLOA KALER;Kopo;11,987;03/12/2025 06:54;13/12/2025 06:42
774;Kota Bandung;BOJONGLOA KALER;Suka Asih;11,793;03/12/2025 06:54;13/12/2025 06:43
775;Kota Bandung;BOJONGLOA KIDUL;Cibaduyut;13,003;03/12/2025 06:54;13/12/2025 06:41
776;Kota Bandung;BOJONGLOA KIDUL;Cibaduyut Kidul;14,092;03/12/2025 06:54;13/12/2025 07:37
777;Kota Bandung;BOJONGLOA KIDUL;Cibaduyut Wetan;13,845;03/12/2025 06:54;13/12/2025 06:39
778;Kota Bandung;BOJONGLOA KIDUL;Kebon Lega;11,84;03/12/2025 06:54;13/12/2025 06:42
779;Kota Bandung;BOJONGLOA KIDUL;Mekarwangi;12,826;03/12/2025 06:54;13/12/2025 06:43
780;Kota Bandung;BOJONGLOA KIDUL;Situsaeur;11,372;03/12/2025 06:54;13/12/2025 06:44
781;Kota Bandung;BUAH BATU;Cijawura;9,863;03/12/2025 06:54;13/12/2025 06:19
782;Kota Bandung;BUAH BATU;Jatisari;10,356;03/12/2025 06:54;13/12/2025 07:37
783;Kota Bandung;BUAH BATU;Margasari;10,427;03/12/2025 06:54;13/12/2025 06:40
784;Kota Bandung;BUAH BATU;Sekejati;9,466;03/12/2025 06:54;13/12/2025 06:42
785;Kota Bandung;CIBEUNYING KALER;Cigadung;9,424;03/12/2025 06:54;13/12/2025 06:41
786;Kota Bandung;CIBEUNYING KALER;Cihaurgeulis;6,571;03/12/2025 06:54;13/12/2025 07:38
787;Kota Bandung;CIBEUNYING KALER;Neglasari;7,077;03/12/2025 06:54;13/12/2025 06:40
788;Kota Bandung;CIBEUNYING KALER;Sukaluyu;8,178;03/12/2025 06:54;13/12/2025 06:42
789;Kota Bandung;CIBEUNYING KIDUL;Cicadas;6,925;03/12/2025 06:54;13/12/2025 06:41
790;Kota Bandung;CIBEUNYING KIDUL;Cikutra;7,116;03/12/2025 06:54;13/12/2025 07:38
791;Kota Bandung;CIBEUNYING KIDUL;Padasuka;5,679;03/12/2025 06:54;13/12/2025 06:40
792;Kota Bandung;CIBEUNYING KIDUL;Pasirlayung;5,715;03/12/2025 06:54;13/12/2025 06:42
793;Kota Bandung;CIBEUNYING KIDUL;Sukamaju;5,33;03/12/2025 06:54;13/12/2025 06:43
794;Kota Bandung;CIBEUNYING KIDUL;Sukapada;6,602;03/12/2025 06:54;13/12/2025 06:44
795;Kota Bandung;CIBIRU;Cipadung;7,874;03/12/2025 06:54;13/12/2025 06:41
796;Kota Bandung;CIBIRU;Cisurupan;8,727;03/12/2025 06:54;13/12/2025 07:38
797;Kota Bandung;CIBIRU;Palasari;6,73;03/12/2025 06:54;13/12/2025 06:40
798;Kota Bandung;CIBIRU;Pasirbiru;8,388;03/12/2025 06:54;13/12/2025 06:42
799;Kota Bandung;CICENDO;Arjuna;11,408;03/12/2025 06:54;13/12/2025 06:41
800;Kota Bandung;CICENDO;Husen Sastranegara;12,553;03/12/2025 06:54;13/12/2025 07:38
801;Kota Bandung;CICENDO;Pajajaran;12,404;03/12/2025 06:54;13/12/2025 06:40
802;Kota Bandung;CICENDO;Pamoyanan;11,5;03/12/2025 06:54;13/12/2025 06:42
803;Kota Bandung;CICENDO;Pasirkaliki;10,78;03/12/2025 06:54;13/12/2025 06:43
804;Kota Bandung;CICENDO;Sukaraja;14,548;03/12/2025 06:54;13/12/2025 06:45
805;Kota Bandung;CIDADAP;Ciumbuleuit;15,095;03/12/2025 06:54;13/12/2025 06:41
806;Kota Bandung;CIDADAP;Hegarmanah;13,988;03/12/2025 06:54;13/12/2025 07:38
807;Kota Bandung;CIDADAP;Ledeng;15,912;03/12/2025 06:54;13/12/2025 06:40
808;Kota Bandung;CINAMBO;Babakan Penghulu;4,926;03/12/2025 06:54;13/12/2025 06:41
809;Kota Bandung;CINAMBO;Cisaranten Wetan;3,432;03/12/2025 06:54;13/12/2025 07:38
810;Kota Bandung;CINAMBO;Pakemitan;4,886;03/12/2025 06:54;13/12/2025 06:40
811;Kota Bandung;CINAMBO;Sukamulya;4,607;03/12/2025 06:54;13/12/2025 06:43
812;Kota Bandung;COMBLONG;Cipaganti;11,617;03/12/2025 06:54;13/12/2025 07:37
813;Kota Bandung;COMBLONG;Dago;10,711;03/12/2025 06:54;13/12/2025 07:38
814;Kota Bandung;COMBLONG;Lebakgede;8,852;03/12/2025 06:54;13/12/2025 07:13
815;Kota Bandung;COMBLONG;Lebaksiliwangi;9,543;03/12/2025 06:54;13/12/2025 07:13
816;Kota Bandung;COMBLONG;Sadangserang;7,517;03/12/2025 06:54;13/12/2025 06:44
817;Kota Bandung;COMBLONG;Sekeloa;9,827;03/12/2025 06:54;13/12/2025 06:45
818;Kota Bandung;GEDEBAGE;Cimincrang;8,574;03/12/2025 06:54;13/12/2025 06:41
819;Kota Bandung;GEDEBAGE;Cisaranten Kidul;7,572;03/12/2025 06:54;13/12/2025 07:38
820;Kota Bandung;GEDEBAGE;Rancabolang;9,319;03/12/2025 06:54;13/12/2025 06:40
821;Kota Bandung;GEDEBAGE;Rancanumpang;9,863;03/12/2025 06:54;13/12/2025 06:43
822;Kota Bandung;KIARACONDONG;Babakansari;4,552;03/12/2025 06:54;13/12/2025 06:41
823;Kota Bandung;KIARACONDONG;Babakansurabaya;3,47;03/12/2025 06:54;13/12/2025 07:38
824;Kota Bandung;KIARACONDONG;Cicaheum;4,402;03/12/2025 06:54;13/12/2025 06:40
825;Kota Bandung;KIARACONDONG;Kebonkangkung;6,39;03/12/2025 06:54;13/12/2025 06:43
826;Kota Bandung;KIARACONDONG;Kebunjayanti;5,259;03/12/2025 06:54;13/12/2025 07:13
827;Kota Bandung;KIARACONDONG;Sukapura;6,848;03/12/2025 06:54;13/12/2025 06:45
828;Kota Bandung;LENGKONG;Burangrang;7,79;03/12/2025 06:54;13/12/2025 06:41
829;Kota Bandung;LENGKONG;Cijagra;8,7;03/12/2025 06:54;13/12/2025 07:38
830;Kota Bandung;LENGKONG;Cikawao;8,305;03/12/2025 06:54;13/12/2025 06:40
831;Kota Bandung;LENGKONG;Lingkar Selatan;6,985;03/12/2025 06:54;13/12/2025 06:43
832;Kota Bandung;LENGKONG;Malabar;6,826;03/12/2025 06:54;13/12/2025 06:44
833;Kota Bandung;LENGKONG;Paledang;7,383;03/12/2025 06:54;13/12/2025 06:45
834;Kota Bandung;LENGKONG;Turangga;8,082;03/12/2025 06:54;13/12/2025 06:45
835;Kota Bandung;MANDALAJATI;Jatihandap;4,757;03/12/2025 06:54;13/12/2025 06:29
836;Kota Bandung;MANDALAJATI;Karangpamulang;4,314;03/12/2025 06:54;13/12/2025 06:29
837;Kota Bandung;MANDALAJATI;Pasir Impun;4,09;03/12/2025 06:54;13/12/2025 06:40
838;Kota Bandung;MANDALAJATI;Sindangjaya;4,591;03/12/2025 06:54;13/12/2025 06:43
839;Kota Bandung;PANYILEUKAN;Cipadung Kidul;8,727;03/12/2025 06:54;13/12/2025 06:41
840;Kota Bandung;PANYILEUKAN;Cipadung Kulon;5,166;03/12/2025 06:54;13/12/2025 06:30
841;Kota Bandung;PANYILEUKAN;Cipadung Wetan;7,526;03/12/2025 06:54;13/12/2025 06:40
842;Kota Bandung;PANYILEUKAN;Mekarmulya;6,676;03/12/2025 06:54;13/12/2025 06:43
843;Kota Bandung;RANCASARI;Cipamokolan;6,875;03/12/2025 06:54;13/12/2025 06:42
844;Kota Bandung;RANCASARI;Darwati;10,585;03/12/2025 06:54;13/12/2025 07:12
845;Kota Bandung;RANCASARI;Manjahlega;8,503;03/12/2025 06:54;13/12/2025 06:40
846;Kota Bandung;RANCASARI;Mekar Jaya;11,578;03/12/2025 06:54;13/12/2025 06:43
847;Kota Bandung;REGOL;Ancol;9,284;03/12/2025 06:54;13/12/2025 07:37
848;Kota Bandung;REGOL;Balonggede;8,319;03/12/2025 06:54;13/12/2025 06:30
849;Kota Bandung;REGOL;Ciateul;9,413;03/12/2025 06:54;13/12/2025 06:40
850;Kota Bandung;REGOL;Cigereleng;9,225;03/12/2025 06:54;13/12/2025 06:43
851;Kota Bandung;REGOL;Ciseureuh;10,39;03/12/2025 06:54;13/12/2025 06:44
852;Kota Bandung;REGOL;Pasirluyu;9,621;03/12/2025 06:54;13/12/2025 06:45
853;Kota Bandung;REGOL;Pungkur;9,537;03/12/2025 06:54;13/12/2025 06:45
854;Kota Bandung;SUKAJADI;Cipedes;12,519;03/12/2025 06:54;13/12/2025 07:37
855;Kota Bandung;SUKAJADI;Pasteur;11,008;03/12/2025 06:54;13/12/2025 06:31
856;Kota Bandung;SUKAJADI;Sukabungah;11,349;03/12/2025 06:54;13/12/2025 06:42
857;Kota Bandung;SUKAJADI;Sukagalih;13,712;03/12/2025 06:54;13/12/2025 06:43
858;Kota Bandung;SUKAJADI;Sukawarna;12,889;03/12/2025 06:54;13/12/2025 06:44
859;Kota Bandung;SUKASARI;Gegerkalong;15,048;03/12/2025 06:54;13/12/2025 07:37
860;Kota Bandung;SUKASARI;Isola;15,822;03/12/2025 06:54;13/12/2025 06:31
861;Kota Bandung;SUKASARI;Sarijadi;14,248;03/12/2025 06:54;13/12/2025 06:42
862;Kota Bandung;SUKASARI;Sukarasa;15,001;03/12/2025 06:54;13/12/2025 06:43
863;Kota Bandung;SUMUR BANDUNG;Babakanciamis;9,165;03/12/2025 06:54;13/12/2025 07:38
864;Kota Bandung;SUMUR BANDUNG;Braga;8,22;03/12/2025 06:54;13/12/2025 06:39
865;Kota Bandung;SUMUR BANDUNG;Kebonpisang;7,1;03/12/2025 06:54;13/12/2025 07:13
866;Kota Bandung;SUMUR BANDUNG;Merdeka;6,539;03/12/2025 06:54;13/12/2025 06:43
867;Kota Bandung;UJUNGBERUNG;Cigending;4,219;03/12/2025 06:54;13/12/2025 07:37
868;Kota Bandung;UJUNGBERUNG;Pasanggrahan;6,854;03/12/2025 06:54;13/12/2025 06:39
869;Kota Bandung;UJUNGBERUNG;Pasirendah;5,343;03/12/2025 06:54;13/12/2025 06:42
870;Kota Bandung;UJUNGBERUNG;Pasirjati;6,82;03/12/2025 06:54;13/12/2025 06:43
871;Kota Bandung;UJUNGBERUNG;Pasirwangi;6,183;03/12/2025 06:54;13/12/2025 06:44
872;Kota Cimahi;Cimahi Selatan;Cibeber;21,22;03/12/2025 06:54;13/12/2025 07:18
873;Kota Cimahi;Cimahi Selatan;Cibeureum;14,23;03/12/2025 06:54;13/12/2025 07:18
874;Kota Cimahi;Cimahi Selatan;Leuwigajah;18,876;03/12/2025 06:54;13/12/2025 07:18
875;Kota Cimahi;Cimahi Selatan;Melong;14,852;03/12/2025 06:54;13/12/2025 07:18
876;Kota Cimahi;Cimahi Selatan;Utama;18,184;03/12/2025 06:54;13/12/2025 07:18
877;Kota Cimahi;Cimahi Tengah;Baros;18,866;03/12/2025 06:54;13/12/2025 07:18
878;Kota Cimahi;Cimahi Tengah;Cigugur Tengah;18,605;03/12/2025 06:54;13/12/2025 07:18
879;Kota Cimahi;Cimahi Tengah;Cimahi;20,474;03/12/2025 06:54;13/12/2025 07:18
880;Kota Cimahi;Cimahi Tengah;Karangmekar;18,619;03/12/2025 06:54;13/12/2025 07:18
881;Kota Cimahi;Cimahi Tengah;Padasuka;22,644;03/12/2025 06:54;13/12/2025 07:18
882;Kota Cimahi;Cimahi Tengah;Setiamanah;20,802;03/12/2025 06:54;13/12/2025 07:18
883;Kota Cimahi;Cimahi Utara;Cibabat;17,571;03/12/2025 06:54;13/12/2025 07:18
884;Kota Cimahi;Cimahi Utara;Cipageran;24,18;03/12/2025 06:54;13/12/2025 07:18
885;Kota Cimahi;Cimahi Utara;Citeureup;23,341;03/12/2025 06:54;13/12/2025 07:18
886;Kota Cimahi;Cimahi Utara;Pasirkaliki;15,338;03/12/2025 06:54;13/12/2025 07:18
